Age,PlayTimeHours,InGamePurchases,GameDifficulty,SessionsPerWeek,AvgSessionDurationMinutes,PlayerLevel,AchievementsUnlocked,Cluster
49,3.326911320481104,1,1.0,16,63,43,6,-1
29,19.62646247850453,0,2.0,10,99,48,11,-1
32,23.32208579857633,0,1.0,11,17,12,34,-1
49,10.348791401534967,0,1.0,7,149,44,38,-1
48,6.238741796428113,0,0.0,10,127,14,4,-1
43,3.8458676093275033,0,0.0,11,170,60,34,-1
15,12.496477746473357,0,1.0,5,11,67,40,-1
18,10.850420835012434,0,2.0,16,85,84,25,-1
45,15.88324057060239,0,0.0,13,175,25,18,-1
44,16.716541893045036,0,0.0,4,53,8,30,-1
48,17.841126559772135,0,2.0,19,84,71,40,-1
18,23.61890031935928,1,0.0,0,10,33,35,-1
48,19.328903208239264,0,0.0,18,55,60,42,-1
49,4.680904119898592,0,1.0,0,75,7,36,-1
36,21.59986846156692,0,2.0,4,132,61,16,-1
23,0.1310253259460685,0,0.0,0,149,24,2,-1
41,10.423866593634376,0,0.0,7,108,78,8,-1
28,15.755812810302976,0,1.0,18,153,81,7,-1
31,6.926827178913354,0,0.0,19,19,62,7,-1
38,16.26472507277258,0,1.0,17,62,16,46,-1
29,3.952369275938642,0,0.0,17,121,44,23,-1
28,22.653546725453964,0,0.0,9,169,42,32,-1
23,18.55327959144355,0,0.0,19,41,53,20,-1
20,16.25843183116664,0,0.0,16,103,87,16,-1
39,14.681061792461696,0,1.0,7,159,52,26,-1
41,20.839053923076,0,0.0,19,79,26,18,-1
40,9.583635613714748,0,2.0,3,83,67,1,-1
35,23.84647971202036,0,0.0,6,156,4,21,-1
20,18.921123790663284,0,0.0,2,64,54,25,-1
31,2.7020152238801227,0,2.0,0,164,57,9,-1
31,8.748144446620369,1,2.0,6,36,24,10,-1
41,17.167602538582784,0,0.0,17,109,44,18,-1
41,10.570970014974078,0,1.0,7,28,44,5,-1
41,14.528814507664364,0,1.0,5,64,50,45,-1
42,3.869006111060553,0,0.0,7,166,79,8,2
21,19.22841415249192,0,0.0,1,71,41,43,-1
26,10.88236422325679,0,0.0,14,106,48,14,0
43,7.584836022947157,0,2.0,4,57,72,34,-1
40,19.11162572220005,0,1.0,17,110,71,5,-1
23,12.057588854495751,0,1.0,9,94,33,39,-1
45,8.638847585829298,0,0.0,0,100,77,39,-1
43,12.502444070595626,1,1.0,5,49,77,17,-1
20,4.200206836849012,0,1.0,19,134,53,20,-1
29,16.07650628662454,0,0.0,16,147,46,23,-1
25,6.51436310190227,0,0.0,2,176,76,34,-1
17,2.6191117321133888,0,2.0,19,142,63,39,-1
24,19.48168069612761,0,0.0,10,56,63,31,-1
17,11.689979025732324,1,0.0,8,19,67,28,-1
21,9.637035358459318,0,0.0,6,57,42,46,-1
24,21.88192989046821,0,2.0,13,114,50,23,-1
34,22.87444587256196,0,2.0,17,123,1,36,-1
37,6.190253508873044,0,0.0,2,57,77,46,-1
33,5.173043098290008,0,0.0,3,124,36,33,-1
30,17.09881132183437,0,1.0,0,179,18,11,-1
45,23.862295014943133,0,2.0,3,57,27,18,-1
15,0.2960557824773167,0,1.0,16,63,40,14,-1
17,12.40380440318178,0,0.0,0,100,49,14,-1
43,10.31204322243993,0,2.0,13,52,25,31,-1
40,22.463002759473795,1,0.0,7,104,25,21,-1
29,9.895339715495028,0,1.0,9,153,77,30,-1
32,6.487685160533398,0,2.0,12,37,67,25,-1
44,2.2557040380942883,0,2.0,9,163,62,22,-1
41,22.36684959038733,0,1.0,14,120,76,29,-1
22,6.343428841166818,1,1.0,8,103,43,10,-1
27,5.896640455442638,1,0.0,11,164,95,17,-1
18,17.34131750213045,1,1.0,11,10,96,35,-1
19,4.88652738835791,0,0.0,17,174,16,43,-1
31,6.061133155104817,0,2.0,7,153,21,1,-1
18,10.165136200194016,0,0.0,4,36,40,42,-1
31,19.734956696083948,0,2.0,16,91,77,32,-1
26,20.106653363888405,0,0.0,3,62,79,24,-1
49,22.582307374807822,1,0.0,8,141,67,1,-1
42,8.482453272426271,1,0.0,15,46,43,38,-1
40,4.429385875069006,0,0.0,4,94,13,49,-1
16,13.83627328294971,0,2.0,16,53,28,45,-1
45,17.313866547054484,0,1.0,0,88,70,36,-1
43,14.62272385266234,0,2.0,1,114,57,22,-1
42,22.36851036903683,0,0.0,7,165,70,48,-1
28,14.77171530600164,1,0.0,13,105,18,18,-1
48,20.75776567514493,0,0.0,5,126,22,8,-1
30,3.5243445076668403,0,1.0,18,33,8,39,-1
26,16.00563527274172,1,1.0,16,120,66,19,-1
47,13.872848780237971,0,1.0,10,119,72,49,-1
35,10.19953634866416,1,1.0,4,37,96,0,-1
15,18.08002870445183,0,1.0,16,57,93,36,-1
15,21.65245578191552,0,0.0,3,101,87,34,-1
34,7.874386377315869,0,0.0,6,36,50,31,-1
29,8.579246364498777,0,0.0,18,101,37,27,-1
38,16.908184428668264,0,1.0,6,97,78,6,-1
27,19.71014233509805,0,0.0,10,119,57,18,-1
46,21.174593633222464,0,0.0,6,159,76,38,-1
17,17.27736992975119,0,1.0,12,121,60,32,-1
27,0.5728595865819042,0,2.0,4,98,46,11,-1
44,21.49074235791448,0,1.0,6,81,27,6,-1
19,9.69085058082241,0,1.0,15,160,75,15,-1
31,2.2541537004344327,1,2.0,2,167,98,39,-1
42,8.600089965073689,0,1.0,2,36,35,4,-1
35,21.572897895177025,0,0.0,1,141,10,41,-1
40,12.297057443308947,0,0.0,7,17,47,29,-1
32,15.786657059317529,0,1.0,8,50,52,45,-1
20,5.611580394760318,1,2.0,1,53,71,23,-1
30,3.665065171347937,0,2.0,9,143,99,41,-1
24,21.776282411400985,1,1.0,15,157,27,7,-1
45,7.666887226717228,0,0.0,14,104,43,48,-1
29,8.302214200244022,0,1.0,4,109,46,11,-1
33,14.938847697130225,0,1.0,15,38,79,7,-1
47,19.17186079595444,0,0.0,2,96,39,19,-1
48,16.14882794314048,0,0.0,17,28,66,14,-1
42,3.879754301177432,0,0.0,4,79,78,27,-1
30,15.611019205576378,0,0.0,19,29,72,1,-1
31,0.4909328882394064,0,0.0,2,17,96,37,-1
23,23.157642857635565,0,0.0,9,52,4,7,-1
25,9.568978008459766,0,0.0,17,133,69,37,-1
18,5.429694458107532,0,0.0,8,98,16,22,-1
17,5.792709409308211,0,1.0,6,144,97,9,-1
42,18.68741056104737,0,2.0,19,149,92,36,-1
39,11.85638349936666,0,2.0,8,159,28,44,-1
23,11.185604074662908,0,0.0,12,101,51,31,-1
49,11.387026647189224,0,2.0,2,178,18,16,-1
29,11.256179789007607,0,0.0,4,85,20,20,-1
18,5.212258199890406,0,1.0,7,70,54,26,3
35,11.7744206048828,0,1.0,10,119,92,5,-1
35,6.950139613843163,0,0.0,14,172,85,28,-1
26,1.6353748617492787,1,1.0,13,22,80,44,-1
22,9.35446243378114,0,0.0,13,141,59,15,0
46,17.357005396685018,1,1.0,14,82,14,26,-1
20,12.58036186442434,1,1.0,3,57,69,36,-1
24,5.213005190798245,0,1.0,2,55,80,38,-1
21,0.2768151401550378,0,0.0,1,173,46,25,-1
22,10.198932976672408,0,0.0,1,38,26,17,-1
17,22.57013746177788,0,1.0,6,128,68,32,-1
43,15.405250571821448,1,2.0,14,174,32,31,-1
39,6.995611664399768,0,2.0,9,56,10,22,-1
18,18.26575416200217,1,0.0,0,166,53,10,-1
47,8.267206253709567,1,1.0,0,174,53,28,-1
44,5.296692731556459,0,0.0,2,17,25,31,-1
35,16.260669141666583,0,0.0,3,125,71,42,-1
47,0.080513817149467,0,2.0,2,26,36,11,-1
42,22.27382245619601,0,0.0,17,92,53,2,-1
27,3.2640188455105257,0,1.0,2,139,91,12,-1
18,8.17697801335272,0,1.0,12,167,78,42,-1
24,15.842216617835756,0,0.0,16,18,67,34,-1
26,3.045745351080521,0,1.0,4,114,34,11,-1
23,9.89737663587396,0,0.0,16,138,63,6,0
19,21.70461522574466,1,1.0,12,146,23,25,-1
30,14.72189427850497,0,0.0,12,59,19,18,-1
48,0.121963513273136,1,1.0,17,20,93,43,-1
42,2.749510709316511,1,1.0,12,47,46,36,-1
37,19.756502099289683,0,2.0,4,176,4,15,-1
35,11.702642151566216,0,0.0,9,109,7,11,-1
40,22.637952114880743,0,1.0,5,157,5,13,-1
46,12.417345355003905,0,2.0,19,152,13,38,-1
28,21.518025024140453,0,1.0,17,119,62,42,-1
20,1.565102086226597,0,1.0,15,138,74,1,-1
23,17.337260082966996,0,1.0,2,13,73,16,-1
42,18.82855295575711,0,0.0,15,43,73,41,-1
20,16.19414609222076,0,2.0,0,48,83,27,-1
38,16.070502396500668,0,2.0,14,85,84,46,-1
47,12.308988353456666,0,2.0,6,117,46,26,-1
31,0.1522957768649515,0,1.0,0,142,90,15,-1
21,12.899000179583672,0,1.0,3,153,19,44,-1
34,8.099260115757378,0,0.0,19,151,80,25,-1
44,5.328921869809606,0,1.0,10,12,36,20,-1
17,2.5563845765843096,1,0.0,7,27,67,28,-1
20,2.708399558532106,1,0.0,7,123,29,15,-1
47,22.937023718568184,0,1.0,9,81,46,17,-1
30,14.290614690146136,0,0.0,15,80,77,48,-1
44,1.667965390426822,0,0.0,17,129,82,40,-1
22,18.429787731023307,0,2.0,4,62,44,34,-1
24,15.559283996451745,0,0.0,3,50,78,48,-1
26,20.16558026055685,1,0.0,0,49,40,28,-1
31,7.156211706762015,1,2.0,19,82,98,22,-1
24,3.992705389947568,0,2.0,8,22,25,17,-1
47,1.3946492738416412,1,1.0,3,159,49,32,-1
27,2.8467811443059388,0,0.0,19,57,45,34,-1
46,4.698827619427323,0,0.0,5,47,95,45,-1
37,13.99237229131781,0,0.0,9,60,16,20,-1
41,14.741569619889964,1,1.0,17,149,47,18,-1
23,8.360294832839966,0,0.0,2,127,78,6,-1
20,18.10549856185268,0,1.0,13,77,52,19,-1
31,6.536307319977327,0,0.0,15,109,11,28,-1
24,13.860224529504936,1,2.0,9,100,61,14,-1
24,12.695783616405482,0,1.0,19,113,22,48,-1
47,11.393709176245943,1,2.0,12,168,21,47,-1
29,6.848247238399023,0,2.0,0,159,83,17,-1
16,12.758300955931546,0,0.0,6,161,34,38,4
43,18.68733067081945,0,1.0,11,96,58,14,-1
41,8.68319573294876,1,2.0,8,125,31,23,-1
20,21.06835111071566,1,0.0,13,99,68,8,-1
36,0.4997700716707953,0,2.0,14,44,97,15,-1
17,6.783908494574621,0,2.0,10,23,6,14,-1
24,13.14425545324363,0,2.0,3,80,49,10,-1
33,2.91494155624262,0,0.0,19,124,68,37,-1
39,22.67633776002301,0,1.0,2,131,61,37,-1
29,12.989488128226158,1,0.0,9,94,80,33,-1
43,14.064695893533743,0,0.0,13,153,66,42,1
29,7.883125038607041,0,2.0,1,60,11,35,-1
33,5.728851137908927,0,0.0,2,45,19,2,-1
30,4.57091381702893,0,0.0,7,28,30,1,-1
47,5.61060178601482,0,2.0,6,30,71,20,-1
20,9.420729219338371,0,0.0,8,133,42,10,-1
42,14.609732609188264,1,1.0,12,104,56,3,-1
22,2.1670235155526623,0,0.0,5,118,14,23,-1
24,15.214229721195828,0,2.0,10,63,58,37,-1
24,17.336274246696195,1,1.0,1,109,1,7,-1
33,17.184696903804717,1,2.0,14,17,58,19,-1
27,7.762770394678976,0,0.0,8,125,72,0,-1
15,22.04615787133573,0,0.0,1,63,24,15,-1
31,14.332662182664585,0,0.0,18,18,70,34,-1
29,8.094082801478471,1,2.0,16,139,1,35,-1
45,12.62349445105904,0,2.0,15,145,95,41,-1
39,6.533978796406122,0,0.0,1,135,14,21,-1
16,7.858806156019106,0,0.0,7,164,49,14,-1
18,8.700353867204548,0,1.0,17,16,29,15,-1
20,7.772579469525437,1,0.0,13,59,45,6,-1
22,18.25226882604808,1,2.0,2,149,37,23,-1
46,23.717865360312373,0,2.0,6,68,5,6,-1
49,19.121715192834813,0,0.0,0,22,5,2,-1
18,8.998493670975016,1,2.0,8,128,82,5,-1
47,16.755704632823093,1,0.0,14,53,21,43,-1
49,6.086682348547599,1,0.0,5,89,81,17,-1
31,22.023189219474027,0,0.0,10,120,85,27,-1
49,10.494538443892308,0,0.0,9,129,3,36,-1
33,2.9089990755048643,0,0.0,8,68,42,15,-1
34,21.781889798367374,0,0.0,10,42,92,2,-1
24,18.068594082544145,1,0.0,8,33,67,30,-1
24,15.743024127071452,1,0.0,13,149,16,48,-1
37,11.501892438207571,0,1.0,7,175,6,36,-1
42,21.7248840235956,1,0.0,2,133,79,49,-1
15,11.59428038292504,0,1.0,8,178,85,16,-1
46,6.244278613653111,0,1.0,15,142,25,40,-1
46,6.158463857868285,0,0.0,17,161,21,41,-1
36,19.549285216247377,0,0.0,6,16,58,20,-1
30,5.461605164884316,0,1.0,13,12,43,47,-1
22,3.693708237597267,1,1.0,11,49,38,44,-1
39,12.774827499895927,0,0.0,18,44,64,35,-1
47,5.269335204292219,0,1.0,18,172,8,32,-1
20,16.49087852668383,0,2.0,4,152,47,49,-1
34,11.936888398418214,0,1.0,16,139,5,25,-1
40,1.429725900321837,0,1.0,15,102,3,48,-1
41,8.034741991375771,0,0.0,17,55,25,15,-1
39,18.674984947246305,1,0.0,4,76,20,47,-1
29,20.187172204906943,0,0.0,16,52,2,20,-1
47,0.1848672293270157,0,1.0,8,122,81,8,-1
38,13.632375635163427,0,1.0,1,144,77,48,-1
28,21.3756816643795,0,0.0,10,49,36,44,-1
17,7.328501183659006,0,0.0,19,46,10,9,-1
28,9.747448446669363,0,1.0,2,175,20,13,-1
18,2.507227557004072,0,1.0,19,133,42,32,-1
47,10.774017219621992,0,0.0,6,60,2,42,-1
45,8.740474612311775,0,0.0,4,142,99,21,-1
33,16.170595314723528,0,0.0,7,88,28,23,-1
32,11.149473863558304,0,0.0,10,58,54,22,-1
19,17.06387526790639,0,1.0,6,52,91,6,-1
34,18.84412131863381,0,1.0,8,81,94,49,-1
42,17.069977469437077,0,0.0,15,115,54,36,1
26,7.853079907193353,0,0.0,4,129,86,26,-1
42,3.7594911398665847,0,0.0,8,168,98,7,-1
48,18.93262982069789,0,2.0,1,53,39,6,-1
46,11.021363964967303,0,0.0,0,21,52,15,-1
33,8.594652005075648,0,1.0,10,62,95,21,-1
20,6.729120262418518,0,0.0,17,159,9,48,-1
37,4.563093846292742,1,0.0,12,98,92,24,-1
45,19.102827092480425,0,1.0,15,168,47,26,-1
41,20.35421347475273,0,2.0,7,107,45,35,-1
17,20.20455999190895,0,0.0,6,105,75,17,-1
17,5.638654734977317,1,0.0,2,21,80,41,-1
32,23.088399854434428,0,0.0,13,139,66,14,-1
40,2.685084032229973,0,1.0,6,15,34,20,-1
22,18.01042434643754,0,0.0,2,48,6,48,-1
34,17.856487771627044,0,0.0,10,130,60,18,-1
18,21.089559067684988,0,2.0,6,174,8,27,-1
38,15.681671964060996,0,0.0,15,64,84,13,-1
21,18.54500347912597,0,0.0,12,151,40,8,-1
42,11.244832870233491,0,0.0,16,136,66,43,1
44,7.427332812339425,0,0.0,17,125,64,33,-1
18,9.017174853990038,1,0.0,13,121,54,21,-1
16,8.320933327762889,1,0.0,9,90,73,21,-1
47,10.786882187083066,0,1.0,13,100,82,11,-1
26,8.523839952469613,0,0.0,11,118,45,20,0
31,15.871858898690244,0,0.0,2,80,17,28,-1
46,5.27770501510539,0,1.0,4,175,35,32,-1
23,18.5434244886818,0,1.0,13,91,34,49,-1
37,2.966824945463536,0,0.0,6,35,28,15,-1
48,20.04571665391783,0,0.0,10,103,7,38,-1
43,0.9380351482172068,0,0.0,16,94,13,15,-1
23,17.79284167048344,0,1.0,9,80,81,19,-1
32,15.223854145978269,1,0.0,3,59,47,49,-1
23,21.568408326474525,1,1.0,12,163,3,11,-1
36,17.097806880781803,0,1.0,18,95,27,0,-1
42,5.889588048087198,0,1.0,14,170,61,13,-1
34,21.44281656127773,1,0.0,8,109,49,19,-1
44,3.7378737270049065,1,1.0,7,165,37,38,-1
16,23.563782943787025,0,1.0,5,99,15,15,-1
43,23.320922401944934,1,1.0,0,62,71,48,-1
49,15.729256091387896,0,1.0,12,167,34,16,-1
19,20.373270290896965,0,0.0,0,54,74,40,-1
41,11.855675060558568,1,0.0,2,134,98,2,-1
31,12.887629796694483,1,0.0,17,179,84,31,-1
16,4.718545717947556,1,0.0,15,93,10,27,-1
30,10.75841036806871,1,0.0,17,163,68,30,-1
32,7.058932477552774,0,0.0,1,166,65,20,2
42,4.27754927113061,0,1.0,4,26,64,32,-1
36,3.5093393152107355,0,0.0,14,179,57,6,-1
18,16.36224096092642,0,1.0,3,169,82,41,-1
21,23.02030958871504,1,2.0,11,125,29,25,-1
49,10.453751014892209,0,0.0,8,10,69,13,-1
21,11.57772986557816,1,0.0,10,99,44,19,-1
26,7.307187086686754,1,1.0,7,123,14,19,-1
42,23.644417807017746,0,1.0,3,125,76,29,-1
45,22.29016477157761,0,0.0,9,43,60,33,-1
48,3.685060735935732,1,2.0,11,27,6,16,-1
37,10.756073600747085,0,1.0,6,167,46,6,-1
27,1.3655192510023584,0,1.0,10,129,83,34,-1
21,12.362438358400684,0,0.0,9,161,49,49,-1
31,16.76712984544958,0,0.0,12,85,39,46,-1
17,21.133130603889647,0,1.0,12,75,23,49,-1
29,8.784888161432317,0,0.0,13,46,1,18,-1
25,8.207349787537556,1,0.0,18,46,65,37,-1
16,16.2577948022261,1,1.0,12,164,14,19,-1
34,9.106622250137043,0,1.0,13,56,76,20,-1
27,14.336647863171232,1,0.0,5,168,17,48,-1
22,9.040610587515056,0,0.0,12,107,79,46,-1
44,11.144484312193184,0,2.0,17,100,21,25,-1
26,3.442169847230637,0,0.0,0,119,74,29,-1
28,1.7497671594917623,0,0.0,1,177,1,15,-1
36,19.94694736249634,1,1.0,18,106,77,31,-1
35,13.344059402933752,0,0.0,2,121,27,45,-1
15,12.33777967840664,0,0.0,8,115,33,23,4
30,17.4043725787826,0,0.0,4,178,66,46,-1
46,18.55396821448505,0,0.0,12,96,2,21,-1
36,12.760482719942017,0,0.0,2,141,78,43,-1
40,22.182556289694777,0,1.0,6,144,15,46,-1
28,19.513904703359803,0,1.0,15,80,45,4,-1
48,4.148314663252845,0,2.0,14,32,73,23,-1
28,8.877932527178414,0,0.0,10,147,19,49,-1
29,20.91192343521137,0,2.0,3,11,7,37,-1
30,17.646973588993188,0,1.0,17,17,28,49,-1
48,9.764312699161913,1,0.0,13,159,65,6,-1
24,16.49690682970427,0,2.0,12,61,29,20,-1
34,21.143749917558207,0,0.0,9,26,55,17,-1
22,2.875217911779532,0,1.0,12,65,5,21,-1
24,22.41898344445284,0,1.0,9,30,48,19,-1
32,17.022810768836823,0,1.0,2,143,97,15,-1
44,2.505890057492927,0,1.0,8,157,39,47,-1
24,14.274980222092276,0,0.0,2,176,40,18,-1
41,23.46889133075185,0,2.0,1,56,85,0,-1
34,1.7882006774590398,0,0.0,0,176,47,49,-1
27,22.714727967114698,0,1.0,6,167,36,43,-1
47,18.356693326374547,0,0.0,18,83,66,38,-1
35,15.848623574406329,0,2.0,4,103,16,21,-1
21,6.879022405434631,0,1.0,1,19,76,43,-1
23,18.207732156311685,1,0.0,9,61,93,33,-1
46,16.90570911943194,1,1.0,16,60,72,42,-1
25,11.20900991222796,0,0.0,18,124,93,35,-1
23,18.03165200091861,1,0.0,16,144,18,33,-1
44,10.38812427954121,0,0.0,4,55,16,22,-1
33,23.72721721342603,0,0.0,13,140,42,41,-1
35,4.851056728442506,0,0.0,4,157,76,12,2
30,0.2289122870676854,0,0.0,11,128,37,7,-1
18,20.05357312615622,0,2.0,9,152,95,13,-1
23,10.23845446259907,0,2.0,5,61,52,24,-1
36,9.058046065413713,0,1.0,18,35,65,10,-1
49,14.996819770157591,0,1.0,5,138,16,2,-1
28,1.9961281075507475,0,0.0,3,74,27,3,-1
42,19.73420498185844,0,0.0,6,92,2,13,-1
28,9.853450577221448,0,1.0,16,128,9,8,-1
45,13.152641787957249,0,1.0,16,13,60,2,-1
20,5.64381537697082,0,1.0,1,76,77,35,-1
47,1.813693541119832,0,0.0,18,26,62,22,-1
38,3.9298514025443865,1,1.0,9,148,83,35,-1
49,19.237902264661933,0,2.0,12,98,18,23,-1
34,10.45418601149032,0,0.0,4,169,70,3,-1
34,22.100168456063457,0,0.0,0,143,82,5,-1
42,10.520409156690404,0,1.0,19,139,17,7,-1
17,18.296937366254856,0,1.0,19,35,72,36,-1
16,18.825540038479268,0,0.0,15,82,65,49,-1
45,23.48869291523133,0,0.0,1,57,42,10,-1
18,8.194195774057683,0,0.0,18,42,72,49,-1
47,9.181437394980046,0,0.0,11,26,5,38,-1
44,2.1752433457476954,0,2.0,5,16,31,20,-1
27,5.45274241617537,0,0.0,9,175,42,10,-1
46,21.52249360074796,1,1.0,16,88,61,49,-1
24,16.424537875957235,0,0.0,7,57,48,21,-1
22,13.807782587805178,0,1.0,10,73,3,47,-1
47,11.144131626887445,0,0.0,2,98,79,43,-1
44,16.940283338727113,0,0.0,7,174,29,21,-1
35,19.45248239208416,0,2.0,19,159,52,44,-1
47,0.0362940934938604,1,1.0,0,85,36,31,-1
45,4.1019940171790426,0,1.0,5,22,99,36,-1
41,9.29870714747046,0,0.0,12,170,70,14,-1
18,22.672992974748045,1,1.0,12,135,5,13,-1
24,17.109897415488874,0,0.0,1,107,44,31,-1
17,14.7301546704607,0,1.0,9,58,33,29,-1
26,13.871312421850895,0,0.0,8,132,36,30,-1
39,14.36037580453966,0,2.0,2,41,52,13,-1
35,16.713273042795137,0,2.0,5,17,8,5,-1
45,1.1114822889555978,0,1.0,18,15,9,10,-1
43,9.551136827589694,1,1.0,11,56,29,21,-1
18,4.506710722568949,0,1.0,9,55,70,18,3
25,3.952760869002224,0,1.0,4,58,22,9,-1
23,11.534824951196544,0,1.0,5,95,5,13,-1
37,10.629886932665157,0,1.0,10,168,82,1,-1
34,18.411323403285543,0,2.0,2,145,52,30,-1
45,18.846899631902943,0,2.0,8,123,80,36,-1
27,6.184735927560199,0,0.0,18,179,17,1,-1
20,1.1021945334034775,0,0.0,9,152,37,0,-1
40,3.490314995255905,0,0.0,3,117,19,46,-1
45,18.47531258741566,0,0.0,12,59,4,24,-1
22,6.0989342538658375,0,0.0,1,10,75,47,-1
42,11.816032437114828,0,0.0,12,30,80,0,-1
30,12.49504790559794,0,0.0,2,107,85,16,-1
47,17.40103356399446,0,0.0,7,29,51,0,-1
41,11.966034467905718,0,2.0,6,38,1,21,-1
47,7.945109612870445,0,2.0,15,60,97,34,-1
43,16.015709473348025,0,0.0,17,158,36,27,-1
24,6.13611781035904,1,0.0,5,156,53,33,-1
41,0.1148734178343913,0,1.0,7,122,25,28,-1
21,8.758663714347847,0,1.0,18,71,4,20,-1
31,20.91377363900169,0,0.0,14,79,19,16,-1
18,21.864639687000363,0,2.0,16,44,5,43,-1
34,8.041657591997778,0,2.0,11,46,25,4,-1
18,17.309717251517505,0,1.0,2,115,25,7,-1
23,21.339568207690743,0,0.0,5,95,49,21,-1
49,5.615327287372501,0,1.0,15,119,67,46,-1
36,5.778674388252442,0,0.0,17,170,25,46,-1
43,6.816509863437015,0,0.0,11,60,75,8,-1
30,19.13719919445427,0,2.0,0,100,34,15,-1
26,19.18692899410386,1,1.0,12,86,49,30,-1
37,9.28255520105419,0,1.0,15,34,40,0,-1
42,12.302481683042403,0,1.0,16,111,16,16,-1
25,20.030236442273125,0,0.0,2,81,91,40,-1
17,20.99652840465564,0,0.0,12,145,54,47,-1
36,0.5278339448262663,1,0.0,9,18,42,32,-1
33,6.579517686870005,1,1.0,0,159,34,29,-1
19,8.726069615886868,0,0.0,1,59,6,37,-1
19,20.248305938573687,1,0.0,18,155,93,14,-1
34,9.645030869579609,1,0.0,2,109,34,37,-1
42,4.312429859588649,0,2.0,1,99,35,49,-1
42,3.944145756942675,0,0.0,9,36,14,48,-1
43,16.88138998053817,0,0.0,3,41,69,21,-1
39,8.391582782080278,0,1.0,3,48,61,15,-1
48,20.5278306834822,1,0.0,16,102,83,26,-1
37,6.37295194889482,1,1.0,10,55,14,10,-1
24,8.005718327324358,0,2.0,17,147,23,12,-1
19,6.082524690145536,0,2.0,4,37,82,22,-1
39,2.846410698324997,0,0.0,0,29,49,30,-1
37,2.6586572712958647,0,0.0,1,71,50,28,-1
37,10.891476515920765,0,2.0,19,67,17,34,-1
30,15.233978285408492,0,1.0,6,121,14,18,-1
25,10.463578743609204,0,1.0,18,163,82,41,-1
29,7.6235469115126655,1,0.0,3,110,24,12,-1
40,20.54721442216272,0,0.0,1,110,11,30,-1
43,4.944599418178671,0,2.0,6,76,88,38,-1
29,12.722527750597276,0,2.0,7,160,25,47,-1
23,19.93819530821959,0,0.0,1,167,61,7,-1
40,11.659844500291632,0,0.0,18,68,41,7,-1
32,0.8051091718906003,0,0.0,11,70,70,2,-1
34,21.833460544724737,0,1.0,5,63,87,25,-1
37,18.76756642644301,0,2.0,7,178,48,2,-1
32,8.528200706395165,0,1.0,10,70,44,20,-1
47,17.875749594839693,0,0.0,14,141,49,40,1
25,6.600880828264359,1,0.0,5,67,76,2,-1
49,20.37285504068307,0,1.0,1,107,83,44,-1
30,21.83900422550287,0,0.0,6,94,52,38,-1
37,12.059120770361073,0,1.0,16,90,12,12,-1
19,8.43569073277716,0,1.0,12,64,51,44,-1
15,10.370175649000458,0,0.0,8,134,27,32,4
48,8.03941256123154,0,2.0,2,173,67,2,-1
44,21.915816407288016,0,0.0,18,147,74,3,-1
22,16.643804245166216,1,0.0,15,34,45,19,-1
15,18.386141435355807,1,1.0,17,48,90,31,-1
33,6.386047067551563,0,1.0,11,154,8,41,-1
29,18.082368379602865,0,2.0,18,48,93,2,-1
40,17.935469156688264,0,0.0,2,172,10,24,-1
18,2.0533186762301288,0,1.0,9,48,48,22,3
17,5.430876263467809,1,0.0,2,117,75,11,-1
17,8.21226474279803,0,1.0,6,69,81,12,3
21,16.73417125633233,1,2.0,16,23,85,2,-1
19,20.10540756726224,0,1.0,11,83,17,15,-1
29,17.508183722711358,0,0.0,17,85,92,36,-1
38,15.25097411325748,0,2.0,12,37,36,3,-1
36,2.5555841973637694,0,2.0,1,30,99,21,-1
17,8.886244593851242,0,1.0,18,115,9,28,-1
48,2.388344121899955,0,1.0,16,176,20,21,-1
36,2.672420203049496,0,1.0,4,152,52,5,-1
42,15.175182284277096,1,0.0,3,148,5,5,-1
37,10.610093287287144,0,2.0,7,177,63,49,-1
38,20.858556095853096,1,0.0,5,62,68,33,-1
24,19.602233516872403,0,0.0,19,77,15,32,-1
31,10.176171217711833,0,2.0,0,76,32,0,-1
21,3.18235326347497,1,1.0,8,123,95,7,-1
20,19.13960820268142,0,0.0,16,44,96,19,-1
19,12.029707065803006,0,2.0,17,114,1,45,-1
37,12.236101349700824,0,0.0,0,34,18,18,-1
25,11.75912761582391,0,0.0,7,108,77,19,-1
22,0.6330353474096482,0,0.0,12,22,95,46,-1
17,6.018614867094331,0,2.0,4,40,34,1,-1
45,19.563197092259543,0,2.0,0,107,23,22,-1
16,16.637544064041364,0,1.0,16,104,95,20,-1
39,6.999604179227622,0,0.0,10,83,31,25,-1
43,23.754268033271813,0,0.0,18,163,17,0,-1
38,17.890099130758248,1,0.0,2,37,63,7,-1
19,20.920238518943684,0,0.0,11,19,19,19,-1
17,6.494046822697055,0,2.0,7,105,96,20,-1
45,3.1960234103378173,0,2.0,15,51,66,1,-1
27,1.9184202301622169,0,0.0,16,106,87,21,-1
32,20.31274276403543,1,0.0,9,134,89,0,-1
19,16.996429310811823,0,1.0,16,25,31,39,-1
20,12.792557664886209,1,0.0,9,43,46,0,-1
21,13.123219504258923,0,0.0,13,175,49,45,-1
39,11.927337321974882,0,0.0,6,136,41,38,-1
33,22.70125988288829,0,2.0,14,30,37,23,-1
38,2.860857950528133,0,0.0,3,126,69,9,2
27,17.35737025819528,0,0.0,16,57,90,29,-1
34,22.19678030599304,0,1.0,6,147,17,36,-1
43,9.977344992662626,1,1.0,1,125,10,33,-1
21,7.345326606314252,0,0.0,10,167,63,26,-1
23,9.175530486372658,0,1.0,7,23,59,31,-1
30,5.965783905901655,0,2.0,12,23,87,34,-1
31,14.453995458647093,0,2.0,19,177,66,18,-1
37,6.056900211907238,1,1.0,14,124,45,43,-1
17,5.155360320433185,0,0.0,3,33,63,26,-1
36,17.17089351539209,1,1.0,14,131,2,17,-1
42,11.976766592859462,0,0.0,16,61,39,3,-1
37,13.792497284974736,0,0.0,0,137,96,3,-1
19,2.877169026835775,0,1.0,17,50,98,46,-1
33,20.144261406444407,0,2.0,6,171,18,3,-1
46,21.06826890535493,0,0.0,10,114,81,26,-1
16,15.714960935180926,1,0.0,16,81,5,0,-1
43,23.68588717146233,0,1.0,11,45,74,7,-1
32,18.62482022050496,0,1.0,16,58,63,24,-1
41,2.95830328935786,1,1.0,14,14,14,24,-1
18,21.129003181261005,0,1.0,16,113,7,40,-1
20,13.54067438721741,0,1.0,17,90,61,37,-1
41,3.8166683662659215,1,1.0,17,47,49,19,-1
44,23.83993004286943,0,0.0,16,131,1,20,-1
19,9.993379799562272,0,0.0,1,87,93,2,-1
46,9.16093619670398,0,1.0,19,12,49,11,-1
25,5.662935066969979,0,2.0,4,163,50,48,-1
17,13.627488076032732,0,0.0,19,85,71,40,-1
37,10.703946639315284,0,0.0,11,176,14,4,-1
26,9.278820708584917,1,0.0,2,161,7,40,-1
23,19.862965814899653,0,1.0,16,12,37,7,-1
25,11.71910881362395,0,0.0,4,132,44,38,-1
35,14.846901321121909,0,1.0,8,81,95,40,-1
20,18.439754933326924,0,0.0,16,175,18,42,-1
42,2.2927889446063547,0,0.0,9,88,10,39,-1
34,3.087814969237652,0,1.0,12,84,12,23,-1
33,17.47953836474487,0,2.0,15,87,97,28,-1
17,11.714414262656945,0,0.0,6,111,75,36,-1
22,17.523626310931128,0,0.0,2,92,12,48,-1
46,22.197524157535177,0,0.0,3,139,15,35,-1
38,8.627444102686464,1,2.0,1,83,97,10,-1
16,13.629245375344748,0,0.0,9,144,16,38,4
24,7.446239855956859,0,1.0,18,131,10,3,-1
49,3.607734605075152,1,2.0,0,30,72,49,-1
47,10.861480937785707,0,2.0,16,10,7,32,-1
30,19.93562088084885,0,0.0,19,141,4,41,-1
36,19.63991536763354,0,2.0,9,174,76,21,-1
21,5.469632422578656,0,0.0,7,109,81,48,-1
48,0.1817435674036653,0,1.0,14,20,15,30,-1
21,4.966767479188734,0,2.0,15,104,67,20,-1
23,2.6904477720691933,1,0.0,0,124,70,19,-1
23,11.9921706074332,0,0.0,16,166,25,18,-1
18,12.793776632388177,1,1.0,2,106,92,2,-1
42,19.49629540953512,1,1.0,9,99,62,2,-1
35,4.508799470508436,1,0.0,14,65,74,43,-1
26,0.1411352685770719,1,1.0,11,62,50,35,-1
39,20.241753561287936,0,2.0,15,59,41,28,-1
18,11.965363174935304,0,0.0,7,85,51,37,-1
15,6.665133613211817,1,0.0,10,106,89,21,-1
24,9.625686826701042,0,0.0,11,60,66,4,-1
31,11.180140743778493,1,2.0,15,124,34,29,-1
36,11.114793629265632,1,0.0,8,177,32,22,-1
28,0.2107275367645247,0,1.0,14,95,54,4,-1
45,2.8597037861696,0,2.0,7,158,80,39,-1
29,15.837642724126512,0,0.0,18,85,7,8,-1
39,4.851934209073553,0,1.0,0,132,7,24,-1
34,2.94490195307987,0,1.0,1,121,4,23,-1
38,1.774450382479169,0,2.0,6,126,39,3,-1
44,20.75900606920537,0,0.0,3,139,24,49,-1
18,9.479247259209636,0,1.0,5,91,61,43,-1
15,0.3466726793681589,0,0.0,8,15,8,36,-1
37,8.865600767186226,0,1.0,19,119,40,44,-1
43,1.6501425922693649,0,1.0,16,139,84,36,-1
21,19.82572540452976,0,0.0,7,27,33,45,-1
38,14.471871843038992,0,0.0,11,87,47,37,-1
46,21.48302758232922,0,0.0,14,85,62,5,-1
22,18.510568017510057,0,1.0,12,102,50,41,-1
21,4.204003239531652,0,0.0,18,29,26,16,-1
38,23.87799482970305,0,2.0,11,96,87,43,-1
41,3.180411401934121,0,0.0,18,115,32,49,-1
33,4.5189981481437576,0,1.0,11,177,77,1,-1
44,16.976690824843935,0,0.0,13,127,59,44,1
45,3.854601176756224,0,0.0,10,117,75,9,-1
49,21.407774084658755,0,1.0,6,127,21,24,-1
19,21.87797284417749,1,0.0,5,126,46,32,-1
22,7.118931944707335,0,2.0,7,116,50,40,-1
39,6.306167880436809,0,0.0,14,133,57,14,-1
22,0.605401705678096,0,1.0,7,31,46,11,3
27,21.94069739409108,0,1.0,8,59,27,2,-1
29,14.805051394983376,0,0.0,13,170,83,13,-1
42,5.641379447508649,1,1.0,2,33,81,0,-1
32,10.830765615624165,0,2.0,19,124,53,2,-1
16,8.045258563783555,0,0.0,15,35,64,30,-1
29,17.562566876819343,0,0.0,5,90,9,6,-1
24,8.88417054866769,0,0.0,14,57,97,13,-1
22,19.25089952659816,0,1.0,13,129,87,9,-1
41,11.31826868677556,0,0.0,0,109,69,4,-1
33,20.83136878544316,0,2.0,8,74,47,48,-1
21,10.342240932572672,0,0.0,5,167,34,5,-1
16,13.774599336278328,1,0.0,14,102,54,44,-1
36,4.507461611255357,0,2.0,11,147,25,11,-1
37,7.228505037118262,0,0.0,15,137,9,23,-1
16,9.263693451249289,0,0.0,8,144,16,35,4
22,13.807948181819658,0,2.0,12,74,85,34,-1
36,22.638981486305664,0,0.0,9,173,58,2,-1
20,5.013410776813141,0,2.0,7,178,44,27,-1
25,18.497926810825664,0,0.0,4,35,26,38,-1
47,11.324480669763352,0,1.0,8,173,14,12,-1
16,6.164742773031972,0,0.0,17,149,46,16,-1
18,3.693271942868818,1,1.0,7,57,32,40,-1
35,1.673769403524032,0,1.0,1,78,9,20,-1
43,6.34988116822674,0,2.0,15,80,25,0,-1
32,2.503594060259404,0,0.0,7,74,51,4,-1
42,21.77125379757437,0,1.0,8,122,91,41,-1
36,3.1162941658937697,0,0.0,1,140,74,10,2
29,2.924635151529236,0,0.0,12,93,26,46,-1
23,19.893448480859742,1,1.0,5,44,74,43,-1
41,9.29943309767694,0,1.0,14,106,4,19,-1
32,21.81987222841021,0,0.0,10,10,16,33,-1
33,20.200663488501213,1,2.0,11,75,79,12,-1
48,9.420714556239956,0,1.0,19,39,9,25,-1
38,16.888555226194867,0,0.0,10,22,46,25,-1
32,11.1985085248445,0,0.0,9,98,90,33,-1
16,11.462318479290918,0,0.0,5,42,23,25,-1
38,5.128100297323897,1,2.0,5,110,35,4,-1
25,15.978267598051154,0,2.0,10,63,52,9,-1
16,9.517497386907102,0,1.0,17,108,58,15,-1
25,19.41119873914004,1,2.0,1,41,97,16,-1
24,1.228609033764445,1,0.0,14,72,22,45,-1
40,5.48237704775791,0,0.0,7,136,66,21,-1
42,22.689719073388844,1,0.0,12,108,77,14,-1
40,19.816454151234453,0,0.0,0,82,57,30,-1
49,7.155087633523022,0,2.0,7,102,49,5,-1
39,4.935941126752611,0,0.0,3,62,77,21,-1
47,1.01036125930813,0,1.0,0,72,21,27,-1
49,22.96339365973389,0,2.0,13,37,53,42,-1
47,10.388813926888668,0,2.0,18,173,44,23,-1
19,6.318332556104078,0,2.0,11,144,87,37,-1
19,8.20021532055662,0,1.0,5,46,77,9,3
33,15.44504989681726,0,0.0,3,135,13,3,-1
16,23.95664393203218,1,0.0,9,58,45,31,-1
40,6.9432322759819565,0,0.0,2,170,89,33,-1
43,22.66101667398071,0,0.0,0,145,30,32,-1
32,16.856884361770447,1,1.0,4,173,43,1,-1
15,2.7476478738986145,0,2.0,10,176,85,30,-1
41,6.718317157123101,0,0.0,9,50,7,21,-1
34,16.9351399978317,0,0.0,11,45,85,2,-1
39,4.2749801667262695,0,1.0,1,13,39,26,-1
49,14.473140627303277,1,1.0,13,153,35,4,-1
22,11.215719703291992,1,2.0,4,101,80,6,-1
18,13.469457725688684,0,0.0,8,122,80,42,-1
42,21.527560200068667,0,1.0,12,80,99,45,-1
29,12.532820112066258,0,0.0,7,178,68,32,-1
40,11.256192044343386,1,1.0,17,72,97,37,-1
44,20.451995569114924,0,0.0,6,148,87,27,-1
27,13.346366828385031,1,1.0,13,158,33,26,-1
43,16.150029828730123,0,0.0,0,119,11,24,-1
23,1.9587041401519008,0,2.0,14,71,71,49,-1
30,13.241958878200926,0,1.0,4,31,54,0,-1
22,13.680474703321597,0,0.0,19,159,71,9,-1
29,14.496671290406576,0,1.0,9,176,94,34,-1
48,13.433188062613048,0,1.0,12,87,71,7,-1
16,22.038337965597105,0,0.0,18,70,20,29,-1
29,17.791270416679332,0,0.0,18,118,44,45,-1
44,3.442333341008867,0,1.0,13,41,55,34,-1
39,18.311502626884383,1,0.0,11,105,67,26,-1
47,21.448803303708367,0,2.0,17,42,4,23,-1
45,10.247409492551531,1,0.0,14,135,52,22,-1
28,4.734855425861704,1,0.0,12,100,98,31,-1
27,8.87157076288922,1,0.0,6,39,92,48,-1
49,14.95271715871735,0,1.0,17,65,5,47,-1
16,5.205216378507782,0,1.0,6,35,62,17,3
37,5.060397000277015,0,0.0,18,19,11,12,-1
27,11.35859734132245,0,1.0,17,133,35,17,-1
22,11.02380767970421,0,0.0,17,145,72,22,0
32,0.681722254203792,0,0.0,10,54,27,4,-1
42,7.840407027679172,0,0.0,8,25,38,5,-1
19,0.3821360240947484,0,1.0,3,37,49,20,-1
46,11.475149989775058,0,1.0,12,138,71,17,-1
26,20.43925083536944,0,0.0,19,149,46,26,-1
46,3.631541070024732,0,1.0,14,25,60,15,-1
47,12.83359991816327,0,0.0,17,177,63,18,-1
44,4.014666906735463,0,0.0,5,129,46,16,-1
39,9.830047187108736,1,0.0,13,105,8,46,-1
21,8.672928398079563,0,1.0,7,122,4,13,-1
24,7.846473826162545,0,1.0,10,92,40,41,-1
26,15.950068014676274,0,0.0,6,54,27,49,-1
15,17.872973958881264,0,1.0,15,87,87,16,-1
32,2.9206800824473422,1,0.0,7,44,94,10,-1
19,21.77413374137808,0,0.0,10,39,68,42,-1
20,16.764529681210867,0,2.0,8,65,37,9,-1
16,8.81970386457298,0,0.0,3,133,70,44,-1
37,5.047025103814286,1,2.0,19,70,39,37,-1
35,7.546056470328134,0,2.0,15,51,60,13,-1
41,6.403856163655345,0,1.0,7,170,19,7,-1
29,16.215105588040178,1,0.0,12,150,77,22,-1
44,20.59268821100661,0,2.0,14,55,6,38,-1
21,20.80365511595503,1,1.0,19,20,55,31,-1
34,10.106725466504868,0,1.0,15,18,13,19,-1
19,12.439414119112453,0,0.0,2,168,90,27,-1
16,5.538976153490802,0,0.0,9,115,83,44,-1
31,21.208002253971017,0,2.0,7,131,91,34,-1
22,8.359365154915569,1,1.0,19,128,90,32,-1
43,19.22002071606065,0,2.0,7,99,5,12,-1
23,15.716798284732004,0,0.0,11,57,96,45,-1
41,6.8680673933629945,0,1.0,2,68,90,27,-1
36,5.324181603827864,1,0.0,8,162,41,3,-1
43,20.01342597332526,0,0.0,12,149,17,9,-1
35,18.29372617508925,0,2.0,8,103,42,7,-1
48,11.549008137730349,0,0.0,7,24,69,18,-1
19,21.44565395637585,0,1.0,4,154,27,27,-1
23,17.094348289800447,0,2.0,0,157,80,10,-1
18,17.443704797205545,0,1.0,10,124,31,23,-1
18,17.415557049044754,0,0.0,5,69,59,30,-1
22,9.995760638527148,0,1.0,5,42,11,47,-1
31,12.59081449694989,0,0.0,16,81,78,24,-1
22,3.8501077871476816,0,0.0,1,63,84,16,-1
34,7.494512794607713,1,1.0,5,41,6,17,-1
17,9.19874930964858,0,2.0,4,172,80,39,-1
18,4.5400719957264055,0,2.0,6,14,49,0,-1
34,1.5702554591485898,0,2.0,19,153,59,26,-1
28,4.929396179338378,0,1.0,18,88,12,36,-1
33,21.68712741734727,0,0.0,1,162,20,47,-1
40,12.444495364164492,0,0.0,17,162,66,3,-1
26,10.073155199420237,1,0.0,0,113,7,21,-1
32,14.526721474942931,0,0.0,17,22,20,31,-1
30,1.439291145958065,0,1.0,16,17,36,17,-1
47,1.7164936751086035,0,0.0,11,13,33,22,-1
27,17.758065709313456,0,1.0,7,61,50,38,-1
33,10.274357862348518,0,0.0,5,10,91,25,-1
43,14.356942480476675,0,2.0,3,91,74,11,-1
29,19.59988057891601,0,1.0,11,158,69,16,-1
35,23.56222961109376,0,0.0,9,125,66,14,-1
37,7.6474467617604756,0,1.0,15,25,80,35,-1
25,13.230643833696764,1,1.0,3,135,78,42,-1
48,22.52552202099788,0,0.0,2,146,55,37,-1
35,22.67661199410384,1,0.0,19,85,42,42,-1
33,4.219301859082109,0,1.0,11,99,23,10,-1
16,8.689126651516354,0,0.0,6,64,48,16,-1
23,10.192341767859194,0,1.0,19,119,41,7,-1
19,17.064173966358336,0,0.0,14,26,99,18,-1
21,18.446457397169542,0,0.0,19,96,58,31,-1
27,0.8479326478438995,0,0.0,8,126,82,13,-1
47,16.10223935712472,0,1.0,17,16,42,33,-1
49,0.6115432814125699,1,0.0,9,28,69,30,-1
47,8.099423237956572,0,0.0,8,31,12,10,-1
19,6.97486534198693,0,2.0,7,49,84,43,-1
31,23.881369145414126,0,0.0,5,120,32,11,-1
40,12.816171116447943,0,1.0,18,12,58,8,-1
36,16.865553475747625,1,0.0,16,31,60,48,-1
16,1.7217643689967463,0,0.0,17,113,43,46,-1
32,22.837155718902284,0,0.0,9,66,74,25,-1
29,14.064648962789036,0,0.0,18,32,22,13,-1
18,17.459537659554893,0,0.0,18,90,89,27,-1
37,9.548864934655688,1,0.0,11,96,65,9,-1
28,20.996474689234947,0,1.0,13,143,29,19,-1
42,10.99766585374094,1,1.0,1,16,29,48,-1
45,14.030449699616948,0,1.0,15,71,33,19,-1
26,4.914743369558996,0,0.0,5,101,55,45,-1
38,22.01697413166454,1,0.0,17,169,10,3,-1
20,23.808529458112176,0,0.0,7,132,32,22,-1
24,1.018647166338087,0,0.0,16,133,19,20,-1
46,1.3372064271536752,0,0.0,16,131,23,19,-1
40,8.164564387818544,0,2.0,19,13,86,34,-1
35,17.382311422241976,1,0.0,16,61,35,49,-1
35,9.029619835731893,0,1.0,14,126,95,8,-1
21,12.027510667131224,1,1.0,11,136,28,0,-1
23,5.445801367895315,0,2.0,18,69,83,13,-1
31,12.22688643665962,0,0.0,18,119,84,3,-1
47,17.815404584184833,0,0.0,16,148,3,16,-1
32,4.910975915791092,0,0.0,0,59,43,49,-1
39,10.077584465866073,1,2.0,9,97,96,42,-1
17,1.493403030538321,0,0.0,8,142,12,14,-1
45,15.47520158928054,0,0.0,13,133,58,43,1
21,8.723163437981302,0,1.0,16,92,64,5,-1
40,5.476786113107909,0,2.0,14,62,96,49,-1
33,12.896928624039298,1,0.0,3,126,83,22,-1
20,14.983348546354057,0,2.0,8,129,50,38,-1
45,15.880583553943683,1,2.0,14,118,33,26,-1
32,1.6176372948103364,1,0.0,4,98,5,26,-1
35,9.23104734679426,0,0.0,12,32,59,32,-1
16,1.1430725263375523,0,0.0,0,86,36,34,-1
44,1.6623420932241384,1,1.0,0,151,41,9,-1
27,0.6932154451108392,0,1.0,0,152,87,6,-1
17,12.415833468528245,0,0.0,12,23,46,30,-1
23,0.8853969354824054,0,2.0,2,44,97,46,-1
21,15.33677896816826,0,1.0,3,155,25,10,-1
39,23.700001475324783,0,0.0,19,122,3,30,-1
32,14.500423735054929,0,2.0,9,58,16,38,-1
23,17.061613606395913,0,1.0,8,131,36,0,-1
43,15.489465545702265,0,0.0,10,34,86,21,-1
41,2.939193645205924,0,0.0,5,105,53,37,-1
45,21.88250039315397,0,0.0,5,120,11,7,-1
29,19.454982061651044,0,1.0,10,48,10,9,-1
47,2.430715801964836,0,1.0,19,31,54,9,-1
42,6.790113723157631,0,1.0,9,92,89,28,-1
20,23.452326267307534,0,2.0,7,155,79,23,-1
22,10.803456950401392,0,1.0,14,157,38,45,-1
35,11.239322767791595,0,2.0,9,131,59,1,-1
39,5.822233414435858,1,0.0,16,163,85,11,-1
33,0.7076673319564017,0,0.0,16,156,31,20,-1
16,9.384528007215224,1,0.0,13,18,18,1,-1
33,7.526203162056207,0,1.0,19,166,40,17,-1
19,22.800809916170227,0,1.0,4,22,66,4,-1
29,1.2778159421795383,0,1.0,4,179,49,24,-1
30,0.4649056224740144,1,0.0,10,19,57,11,-1
15,18.997898070471315,0,0.0,9,141,43,30,-1
22,8.422803422782085,1,0.0,4,151,5,2,-1
30,12.50156360366459,1,0.0,1,30,69,10,-1
39,16.660410970441937,1,2.0,4,145,83,16,-1
25,1.4963933915688807,0,2.0,4,36,30,47,-1
40,16.571327349256606,1,1.0,0,84,12,46,-1
49,2.611861209044024,0,1.0,17,161,57,26,-1
35,2.8269143412092133,0,2.0,16,41,84,33,-1
43,6.9950764785808905,0,1.0,12,161,70,28,-1
44,6.915796628622848,0,0.0,13,120,33,6,-1
22,2.906113686819774,0,1.0,12,119,88,2,-1
16,4.642193691746152,0,0.0,17,158,71,5,-1
29,19.61459916786264,0,0.0,6,22,99,31,-1
19,5.2725584624505855,0,0.0,12,99,23,43,-1
49,13.714087008439236,1,1.0,15,43,93,29,-1
36,7.216054281067826,1,1.0,12,176,33,13,-1
40,20.12450132863396,1,2.0,8,36,1,14,-1
26,13.209899796789143,0,0.0,7,99,88,32,-1
29,19.175801173963283,0,1.0,12,43,80,16,-1
20,20.640080264363363,0,0.0,12,122,3,42,-1
41,22.209379179039303,0,0.0,15,114,9,8,-1
20,17.408639168866333,0,2.0,15,59,75,39,-1
33,2.05998476913324,0,1.0,9,56,38,7,-1
29,13.98732957789302,1,1.0,9,74,68,33,-1
42,6.918436631673497,1,0.0,11,23,1,30,-1
20,4.305801233435619,1,2.0,0,118,1,10,-1
27,20.70132439436886,0,0.0,5,80,43,21,-1
26,19.95087425888197,0,1.0,11,94,84,45,-1
23,19.97470353763768,1,1.0,12,18,94,35,-1
25,10.229601881698551,0,1.0,18,40,5,48,-1
25,0.0602126831764318,0,2.0,14,63,53,29,-1
17,20.257174286462565,0,0.0,13,106,76,39,-1
17,16.63138374815379,0,0.0,2,59,26,13,-1
26,12.060253033371836,0,2.0,9,51,41,48,-1
28,0.9134971292171404,0,2.0,1,114,22,12,-1
28,10.180003103292368,0,0.0,3,74,89,47,-1
25,5.334063610572531,0,1.0,15,65,3,17,-1
22,23.31637557671853,0,0.0,17,72,1,12,-1
21,1.7119189086385616,1,0.0,18,122,6,31,-1
49,1.619115717952976,0,1.0,7,114,89,15,-1
21,12.398225907158878,0,1.0,19,47,27,49,-1
39,4.603956106264071,0,0.0,10,97,74,10,-1
20,4.991380259511964,0,2.0,16,169,96,23,-1
41,2.06263415792215,0,1.0,13,162,89,25,-1
48,22.460112191604043,0,2.0,8,144,14,13,-1
28,1.343886925870784,0,0.0,19,71,33,26,-1
36,20.95877170963078,0,0.0,4,79,71,45,-1
28,7.383737816764858,0,2.0,6,15,61,0,-1
18,5.974598300907724,0,0.0,19,107,34,32,-1
22,11.51569424864988,0,2.0,5,159,87,44,-1
41,19.59380241411251,1,1.0,11,41,12,24,-1
35,22.73385167762172,0,0.0,1,40,36,10,-1
39,10.396626422941402,0,0.0,13,81,99,24,-1
44,6.768012139028908,0,0.0,10,18,55,21,-1
37,0.4400604549797924,0,0.0,12,76,34,17,-1
33,0.304489858122877,0,0.0,8,80,77,30,-1
46,8.773508231751478,0,1.0,13,172,49,30,-1
35,17.89476676834573,0,0.0,15,144,55,32,1
22,15.76889516573235,0,1.0,18,116,74,11,-1
39,12.337442848484493,0,0.0,5,100,5,25,-1
27,1.0717596199429105,0,0.0,8,159,31,24,-1
27,7.370091072390734,1,0.0,4,160,10,45,-1
40,5.384825477437444,0,0.0,5,28,6,30,-1
45,12.574412270854932,0,0.0,12,127,28,17,-1
37,21.79741614410041,0,0.0,10,31,96,30,-1
43,5.317713283387218,0,2.0,16,47,23,27,-1
25,8.847465932465463,0,0.0,8,51,12,35,-1
29,14.324228972699425,0,0.0,2,51,9,8,-1
43,12.54138968144149,0,1.0,2,147,10,3,-1
46,0.966682958010793,0,0.0,14,140,22,27,-1
34,5.014852405462406,1,2.0,13,28,62,8,-1
38,16.845582757609215,1,1.0,18,84,12,24,-1
18,17.984436813649715,0,0.0,4,42,64,47,-1
48,22.26163363568421,0,0.0,13,157,59,42,1
27,3.5579816899338432,0,1.0,2,162,38,18,-1
46,3.873990385479809,1,0.0,16,97,77,39,-1
35,9.465856896798524,0,0.0,10,161,83,10,-1
48,9.975660760253216,0,1.0,1,46,32,26,-1
46,7.019956154338032,0,0.0,17,65,94,32,-1
16,5.436551997095175,0,2.0,10,162,99,22,-1
26,12.28925612883756,0,0.0,6,29,76,7,-1
43,9.487901272256844,1,0.0,5,112,83,28,-1
40,21.328159427776843,0,0.0,11,42,18,17,-1
35,19.08311632754398,0,2.0,7,82,19,49,-1
22,9.592538008927686,1,2.0,12,175,28,15,-1
31,2.6506687523518035,0,0.0,14,102,66,40,-1
26,14.258320753657763,1,2.0,4,99,10,26,-1
18,21.88516692380417,1,1.0,14,44,31,38,-1
46,22.90722339969173,0,1.0,16,82,65,15,-1
46,4.564247576742601,0,1.0,9,168,94,9,-1
25,12.491383345226346,0,0.0,14,12,28,1,-1
49,5.852282518162587,0,0.0,16,40,82,29,-1
48,19.78464816972572,0,0.0,14,24,43,34,-1
38,6.759390719119408,0,1.0,8,139,21,26,-1
20,16.927681000211656,0,0.0,9,109,32,40,-1
18,9.744617851721593,1,0.0,19,138,49,13,-1
37,2.6847583077409363,0,0.0,18,38,11,7,-1
34,13.957330746411998,0,1.0,14,97,31,25,-1
46,4.584895018696206,0,0.0,5,26,78,10,-1
42,20.918797361701778,0,1.0,6,29,14,21,-1
42,1.6096251219734734,0,2.0,7,51,80,6,-1
37,6.896101595473469,1,0.0,14,74,8,41,-1
44,9.405247491583598,0,2.0,0,95,76,17,-1
44,17.20980813452456,1,0.0,12,61,66,16,-1
25,11.178809429487432,0,1.0,17,175,14,28,-1
40,4.755602969743058,0,1.0,6,21,86,6,-1
31,23.59366363455005,0,1.0,2,169,97,49,-1
21,21.866082396920884,0,0.0,9,64,54,33,-1
21,22.64729185589656,0,0.0,4,151,33,3,-1
16,22.66407646680609,0,0.0,10,149,87,0,-1
24,1.1719749413313574,0,2.0,11,121,4,7,-1
27,7.026288155666292,1,1.0,11,17,86,5,-1
18,6.101631972604161,0,0.0,8,23,62,14,-1
22,12.162290154691512,0,0.0,13,80,89,18,-1
29,10.303167858579542,0,1.0,13,91,6,21,-1
22,8.709187531195912,0,0.0,17,95,91,44,-1
20,12.89943754078226,0,0.0,1,179,33,5,-1
31,2.711181747562297,0,2.0,16,115,32,44,-1
28,9.176517684574671,0,1.0,0,162,60,44,-1
34,15.321848845949525,1,0.0,13,178,52,16,-1
18,3.10521012185012,1,1.0,9,33,92,26,-1
34,5.507553111742775,0,2.0,14,149,71,40,-1
27,17.982123629868813,0,0.0,17,100,87,4,-1
37,6.898365746317112,0,2.0,8,19,11,34,-1
47,15.988441163290442,0,0.0,10,88,50,31,-1
28,4.3944298605217655,0,2.0,0,105,20,21,-1
25,19.61805181421988,1,1.0,4,71,88,4,-1
29,12.014308375225529,0,0.0,18,110,67,5,-1
39,12.11606921354355,0,2.0,3,179,53,13,-1
25,0.5050882233079035,0,1.0,9,151,26,45,-1
33,19.527308761876604,0,1.0,18,41,11,6,-1
44,2.583939919831052,0,0.0,8,16,53,30,-1
15,9.779060610903196,0,0.0,4,137,15,4,-1
49,5.167839642844852,0,1.0,15,175,19,5,-1
33,23.753269271513048,0,0.0,5,154,56,9,-1
29,5.866272053484038,0,0.0,5,130,79,36,-1
49,1.8724414239492693,0,0.0,12,65,15,40,-1
21,8.285538519544408,0,1.0,3,55,64,19,3
31,15.834237739416317,0,0.0,18,154,35,25,-1
19,18.697284765116045,1,2.0,7,139,89,47,-1
36,12.445133144298817,0,1.0,1,103,16,17,-1
38,20.16071100731581,0,0.0,13,79,29,32,-1
44,1.0382062729366703,0,0.0,15,142,15,37,-1
27,20.72548171107957,1,2.0,6,170,56,49,-1
41,4.665423188211164,1,0.0,6,18,54,45,-1
37,6.934700981520265,1,0.0,1,119,22,8,-1
22,22.27951641945532,1,2.0,4,58,83,24,-1
16,8.78461508181883,0,1.0,9,151,52,29,-1
38,13.759801685405582,0,0.0,18,76,45,18,-1
27,19.33089412262859,0,0.0,16,176,29,0,-1
21,17.813670190879908,1,0.0,3,70,23,35,-1
28,15.610974751169495,0,2.0,10,92,98,1,-1
19,8.332967609121415,0,0.0,12,40,9,32,-1
39,11.79978612766132,0,1.0,19,51,78,6,-1
38,18.522859864543328,1,0.0,6,168,69,18,-1
40,4.163497409266734,0,0.0,3,151,61,1,-1
47,23.61982002006274,0,0.0,6,73,69,22,-1
35,14.26706496378324,0,2.0,15,159,74,23,-1
26,19.798169579490583,0,0.0,14,174,26,18,-1
24,13.594878178244327,0,1.0,9,82,52,23,-1
42,2.28585707577695,0,0.0,2,66,4,14,-1
27,9.416008264866049,0,1.0,13,95,67,25,-1
27,19.22328189827897,1,2.0,3,112,5,29,-1
44,11.472997411794754,0,0.0,16,118,32,48,-1
19,1.81024124419646,0,0.0,19,44,27,26,-1
19,15.036662475751932,1,1.0,6,76,94,35,-1
45,9.439560534766034,1,2.0,0,46,78,7,-1
29,19.03180721141836,0,1.0,9,147,38,22,-1
20,9.993127412258678,0,1.0,7,81,23,7,-1
16,16.04341901490432,0,0.0,11,68,18,17,-1
34,22.60766204434352,0,0.0,17,41,57,18,-1
44,17.84778320257412,0,2.0,4,15,67,35,-1
45,7.046737854319989,0,0.0,12,17,84,42,-1
39,7.507211615431906,0,0.0,4,89,2,39,-1
29,23.34694698054336,0,1.0,18,122,35,48,-1
37,8.359645975189371,1,2.0,8,161,46,13,-1
39,8.952073016131681,1,0.0,9,44,29,3,-1
39,14.173755660725837,0,0.0,15,108,49,32,1
39,11.986642506554515,0,2.0,0,144,36,29,-1
24,10.620335737248126,0,0.0,13,153,73,20,0
31,5.506950882620572,0,0.0,14,149,99,17,-1
