PlayerID,Age,Gender,Location,GameGenre,PlayTimeHours,InGamePurchases,GameDifficulty,SessionsPerWeek,AvgSessionDurationMinutes,PlayerLevel,AchievementsUnlocked,EngagementLevel,Cluster
43667,49,Male,Other,Action,3.326911320481104,1,Medium,16,63,43,6,Medium,1
31227,29,Female,USA,Action,19.62646247850453,0,Hard,10,99,48,11,Medium,0
33899,32,Male,Asia,Sports,23.32208579857633,0,Medium,11,17,12,34,Medium,0
44415,49,Male,Asia,Action,10.348791401534967,0,Medium,7,149,44,38,Medium,0
30440,48,Female,Other,Simulation,6.238741796428113,0,Easy,10,127,14,4,Medium,0
41877,43,Female,Asia,Strategy,3.8458676093275033,0,Easy,11,170,60,34,High,0
43287,15,Male,Asia,Action,12.496477746473357,0,Medium,5,11,67,40,Low,2
16568,18,Male,Europe,Simulation,10.850420835012434,0,Hard,16,85,84,25,High,0
32191,45,Female,USA,Sports,15.88324057060239,0,Easy,13,175,25,18,High,0
10483,44,Female,USA,Strategy,16.716541893045036,0,Easy,4,53,8,30,Low,0
46920,48,Male,Asia,Strategy,17.841126559772135,0,Hard,19,84,71,40,Low,0
48288,18,Female,USA,RPG,23.61890031935928,1,Easy,0,10,33,35,Low,1
12219,48,Male,Europe,Action,19.328903208239264,0,Easy,18,55,60,42,Medium,0
9252,49,Male,USA,Sports,4.680904119898592,0,Medium,0,75,7,36,Medium,0
24951,36,Male,Europe,Simulation,21.59986846156692,0,Hard,4,132,61,16,Medium,0
26537,23,Male,USA,RPG,0.1310253259460685,0,Easy,0,149,24,2,Low,0
24107,41,Male,Other,Action,10.423866593634376,0,Easy,7,108,78,8,Medium,0
22804,28,Female,Europe,Sports,15.755812810302976,0,Medium,18,153,81,7,High,0
20879,31,Female,USA,Action,6.926827178913354,0,Easy,19,19,62,7,Medium,0
21994,38,Male,Other,Sports,16.26472507277258,0,Medium,17,62,16,46,Medium,0
40582,29,Female,Other,RPG,3.952369275938642,0,Easy,17,121,44,23,High,0
38828,28,Male,Asia,Action,22.653546725453964,0,Easy,9,169,42,32,High,2
20790,23,Male,Europe,Strategy,18.55327959144355,0,Easy,19,41,53,20,Medium,2
43419,20,Female,USA,Simulation,16.25843183116664,0,Easy,16,103,87,16,High,2
43398,39,Male,USA,Simulation,14.681061792461696,0,Medium,7,159,52,26,Medium,0
45168,41,Female,Europe,Strategy,20.839053923076,0,Easy,19,79,26,18,High,0
23470,40,Male,Asia,RPG,9.583635613714748,0,Hard,3,83,67,1,Low,0
23307,35,Male,USA,Action,23.84647971202036,0,Easy,6,156,4,21,Medium,0
9314,20,Female,USA,Action,18.921123790663284,0,Easy,2,64,54,25,Low,2
17057,31,Male,USA,Action,2.7020152238801227,0,Hard,0,164,57,9,Low,0
17975,31,Female,Europe,RPG,8.748144446620369,1,Hard,6,36,24,10,Low,1
11308,41,Female,Europe,Strategy,17.167602538582784,0,Easy,17,109,44,18,High,0
28565,41,Female,Europe,Strategy,10.570970014974078,0,Medium,7,28,44,5,Low,0
19580,41,Female,Europe,Action,14.528814507664364,0,Medium,5,64,50,45,Medium,0
11240,42,Male,Europe,Strategy,3.869006111060553,0,Easy,7,166,79,8,Medium,0
31041,21,Female,Europe,Strategy,19.22841415249192,0,Easy,1,71,41,43,Low,2
44813,26,Male,USA,Action,10.88236422325679,0,Easy,14,106,48,14,Medium,0
46852,43,Male,USA,Strategy,7.584836022947157,0,Hard,4,57,72,34,Medium,0
15399,40,Male,USA,RPG,19.11162572220005,0,Medium,17,110,71,5,High,0
15988,23,Male,Europe,Strategy,12.057588854495751,0,Medium,9,94,33,39,Medium,0
25954,45,Male,USA,Strategy,8.638847585829298,0,Easy,0,100,77,39,Low,0
25758,43,Female,Europe,RPG,12.502444070595626,1,Medium,5,49,77,17,Low,1
30289,20,Female,USA,Simulation,4.200206836849012,0,Medium,19,134,53,20,High,0
26624,29,Female,USA,RPG,16.07650628662454,0,Easy,16,147,46,23,High,2
46158,25,Male,USA,Action,6.51436310190227,0,Easy,2,176,76,34,Medium,2
42433,17,Female,Asia,Simulation,2.6191117321133888,0,Hard,19,142,63,39,High,0
34400,24,Male,USA,Simulation,19.48168069612761,0,Easy,10,56,63,31,Low,2
35168,17,Female,USA,Simulation,11.689979025732324,1,Easy,8,19,67,28,Low,1
25224,21,Female,Europe,RPG,9.637035358459318,0,Easy,6,57,42,46,Medium,2
42829,24,Male,Asia,Strategy,21.88192989046821,0,Hard,13,114,50,23,High,0
38881,34,Male,Europe,Sports,22.87444587256196,0,Hard,17,123,1,36,High,0
14223,37,Male,USA,Simulation,6.190253508873044,0,Easy,2,57,77,46,High,2
12150,33,Female,Europe,Simulation,5.173043098290008,0,Easy,3,124,36,33,Medium,0
38900,30,Male,Europe,Sports,17.09881132183437,0,Medium,0,179,18,11,Low,0
36377,45,Male,Asia,Sports,23.862295014943133,0,Hard,3,57,27,18,Low,0
15197,15,Male,USA,Sports,0.2960557824773167,0,Medium,16,63,40,14,Medium,0
39801,17,Male,USA,RPG,12.40380440318178,0,Easy,0,100,49,14,Low,2
48859,43,Female,USA,RPG,10.31204322243993,0,Hard,13,52,25,31,Medium,0
15314,40,Male,Europe,Simulation,22.463002759473795,1,Easy,7,104,25,21,Medium,1
17116,29,Female,USA,Simulation,9.895339715495028,0,Medium,9,153,77,30,High,0
44646,32,Male,USA,RPG,6.487685160533398,0,Hard,12,37,67,25,Medium,0
47324,44,Male,Asia,Strategy,2.2557040380942883,0,Hard,9,163,62,22,High,0
10278,41,Male,Other,RPG,22.36684959038733,0,Medium,14,120,76,29,Medium,0
24868,22,Female,Asia,Action,6.343428841166818,1,Medium,8,103,43,10,Medium,1
22793,27,Female,Asia,Strategy,5.896640455442638,1,Easy,11,164,95,17,High,1
32389,18,Male,USA,Sports,17.34131750213045,1,Medium,11,10,96,35,Low,1
24368,19,Female,USA,Action,4.88652738835791,0,Easy,17,174,16,43,High,0
15882,31,Female,Europe,Sports,6.061133155104817,0,Hard,7,153,21,1,Medium,0
40806,18,Male,Other,Action,10.165136200194016,0,Easy,4,36,40,42,Low,2
48669,31,Male,Europe,RPG,19.734956696083948,0,Hard,16,91,77,32,High,0
43139,26,Female,USA,Strategy,20.106653363888405,0,Easy,3,62,79,24,Low,2
38885,49,Male,USA,Action,22.582307374807822,1,Easy,8,141,67,1,High,1
30790,42,Male,USA,Action,8.482453272426271,1,Easy,15,46,43,38,Medium,1
42355,40,Male,USA,RPG,4.429385875069006,0,Easy,4,94,13,49,Medium,0
43224,16,Male,Other,Sports,13.83627328294971,0,Hard,16,53,28,45,Medium,0
32461,45,Female,USA,Simulation,17.313866547054484,0,Medium,0,88,70,36,Low,0
36969,43,Female,Europe,Sports,14.62272385266234,0,Hard,1,114,57,22,Low,0
12615,42,Female,USA,RPG,22.36851036903683,0,Easy,7,165,70,48,Medium,0
42460,28,Female,USA,RPG,14.77171530600164,1,Easy,13,105,18,18,Medium,1
25096,48,Female,USA,Strategy,20.75776567514493,0,Easy,5,126,22,8,Medium,0
17304,30,Male,USA,Action,3.5243445076668403,0,Medium,18,33,8,39,Medium,0
36381,26,Male,USA,Strategy,16.00563527274172,1,Medium,16,120,66,19,High,1
20225,47,Male,Europe,Sports,13.872848780237971,0,Medium,10,119,72,49,Medium,0
22130,35,Male,Europe,Sports,10.19953634866416,1,Medium,4,37,96,0,Low,1
44499,15,Female,USA,Simulation,18.08002870445183,0,Medium,16,57,93,36,Medium,2
11757,15,Female,Europe,Sports,21.65245578191552,0,Easy,3,101,87,34,Medium,2
19917,34,Male,Europe,Action,7.874386377315869,0,Easy,6,36,50,31,Low,2
37383,29,Female,Other,Simulation,8.579246364498777,0,Easy,18,101,37,27,High,0
26847,38,Female,Asia,Sports,16.908184428668264,0,Medium,6,97,78,6,Medium,0
42169,27,Male,USA,Action,19.71014233509805,0,Easy,10,119,57,18,Medium,0
24296,46,Female,USA,Action,21.174593633222464,0,Easy,6,159,76,38,Medium,0
33782,17,Female,Europe,RPG,17.27736992975119,0,Medium,12,121,60,32,High,2
36259,27,Female,USA,RPG,0.5728595865819042,0,Hard,4,98,46,11,Medium,0
9608,44,Male,USA,RPG,21.49074235791448,0,Medium,6,81,27,6,Low,0
14757,19,Female,Europe,RPG,9.69085058082241,0,Medium,15,160,75,15,Medium,0
27826,31,Female,USA,RPG,2.2541537004344327,1,Hard,2,167,98,39,Low,1
15705,42,Male,Europe,Strategy,8.600089965073689,0,Medium,2,36,35,4,High,0
14215,35,Male,Europe,RPG,21.572897895177025,0,Easy,1,141,10,41,Low,0
22705,40,Male,Asia,RPG,12.297057443308947,0,Easy,7,17,47,29,Low,0
10731,32,Female,USA,Simulation,15.786657059317529,0,Medium,8,50,52,45,Medium,0
40252,20,Male,Asia,RPG,5.611580394760318,1,Hard,1,53,71,23,Low,1
16388,30,Female,Asia,Strategy,3.665065171347937,0,Hard,9,143,99,41,High,0
18003,24,Male,USA,Strategy,21.776282411400985,1,Medium,15,157,27,7,High,1
26999,45,Female,Europe,Action,7.666887226717228,0,Easy,14,104,43,48,High,0
45506,29,Male,Europe,Simulation,8.302214200244022,0,Medium,4,109,46,11,Medium,0
40421,33,Male,Europe,Simulation,14.938847697130225,0,Medium,15,38,79,7,Medium,0
15056,47,Female,USA,Simulation,19.17186079595444,0,Easy,2,96,39,19,Low,0
28495,48,Female,USA,Action,16.14882794314048,0,Easy,17,28,66,14,Medium,0
35801,42,Male,USA,Strategy,3.879754301177432,0,Easy,4,79,78,27,Medium,2
11322,30,Male,Europe,Simulation,15.611019205576378,0,Easy,19,29,72,1,Medium,0
27986,31,Male,USA,Sports,0.4909328882394064,0,Easy,2,17,96,37,Low,2
15814,23,Male,USA,Action,23.157642857635565,0,Easy,9,52,4,7,Medium,0
14030,25,Female,Europe,RPG,9.568978008459766,0,Easy,17,133,69,37,High,2
29168,18,Male,Europe,Action,5.429694458107532,0,Easy,8,98,16,22,Medium,0
42599,17,Female,Europe,Sports,5.792709409308211,0,Medium,6,144,97,9,Medium,0
14676,42,Male,Asia,Simulation,18.68741056104737,0,Hard,19,149,92,36,High,0
38513,39,Male,USA,Strategy,11.85638349936666,0,Hard,8,159,28,44,Medium,0
41452,23,Male,Asia,Simulation,11.185604074662908,0,Easy,12,101,51,31,Medium,2
32870,49,Female,USA,RPG,11.387026647189224,0,Hard,2,178,18,16,Medium,0
35688,29,Male,Europe,Simulation,11.256179789007607,0,Easy,4,85,20,20,Medium,0
24337,18,Male,Europe,Action,5.212258199890406,0,Medium,7,70,54,26,Medium,2
19490,35,Male,USA,Action,11.7744206048828,0,Medium,10,119,92,5,Medium,0
14787,35,Male,Europe,Action,6.950139613843163,0,Easy,14,172,85,28,High,0
14466,26,Male,Europe,Sports,1.6353748617492787,1,Medium,13,22,80,44,Medium,1
47898,22,Male,Other,Action,9.35446243378114,0,Easy,13,141,59,15,High,0
39304,46,Female,USA,Simulation,17.357005396685018,1,Medium,14,82,14,26,Medium,1
37035,20,Male,USA,Sports,12.58036186442434,1,Medium,3,57,69,36,Low,1
17617,24,Male,USA,Sports,5.213005190798245,0,Medium,2,55,80,38,High,2
42851,21,Male,Asia,RPG,0.2768151401550378,0,Easy,1,173,46,25,Low,0
39509,22,Male,Other,Sports,10.198932976672408,0,Easy,1,38,26,17,Low,2
29279,17,Male,USA,Action,22.57013746177788,0,Medium,6,128,68,32,High,0
25825,43,Female,Other,Strategy,15.405250571821448,1,Hard,14,174,32,31,High,1
47307,39,Male,Asia,Action,6.995611664399768,0,Hard,9,56,10,22,Medium,0
40159,18,Female,USA,Strategy,18.26575416200217,1,Easy,0,166,53,10,Low,1
34272,47,Male,USA,RPG,8.267206253709567,1,Medium,0,174,53,28,Low,1
18606,44,Male,USA,RPG,5.296692731556459,0,Easy,2,17,25,31,Low,0
11875,35,Female,USA,RPG,16.260669141666583,0,Easy,3,125,71,42,Medium,0
33194,47,Female,Europe,Sports,0.080513817149467,0,Hard,2,26,36,11,Low,0
40946,42,Male,Asia,Strategy,22.27382245619601,0,Easy,17,92,53,2,High,0
38223,27,Male,Europe,Sports,3.2640188455105257,0,Medium,2,139,91,12,Low,0
34166,18,Male,Asia,Strategy,8.17697801335272,0,Medium,12,167,78,42,High,0
45489,24,Female,USA,Simulation,15.842216617835756,0,Easy,16,18,67,34,Medium,2
15985,26,Male,Europe,Sports,3.045745351080521,0,Medium,4,114,34,11,Medium,0
27400,23,Male,Europe,Strategy,9.89737663587396,0,Easy,16,138,63,6,High,0
33924,19,Male,USA,Strategy,21.70461522574466,1,Medium,12,146,23,25,High,1
29904,30,Female,Asia,Action,14.72189427850497,0,Easy,12,59,19,18,Medium,0
29697,48,Female,USA,Strategy,0.121963513273136,1,Medium,17,20,93,43,Medium,1
35827,42,Male,Asia,Simulation,2.749510709316511,1,Medium,12,47,46,36,Medium,1
41858,37,Male,Europe,Simulation,19.756502099289683,0,Hard,4,176,4,15,Medium,0
48407,35,Female,USA,Strategy,11.702642151566216,0,Easy,9,109,7,11,High,0
9734,40,Female,Other,Action,22.637952114880743,0,Medium,5,157,5,13,Medium,0
46402,46,Male,USA,Simulation,12.417345355003905,0,Hard,19,152,13,38,High,0
24949,28,Male,Europe,Strategy,21.518025024140453,0,Medium,17,119,62,42,High,0
16980,20,Male,Asia,RPG,1.565102086226597,0,Medium,15,138,74,1,High,0
33935,23,Female,Europe,RPG,17.337260082966996,0,Medium,2,13,73,16,Low,2
20626,42,Male,Asia,RPG,18.82855295575711,0,Easy,15,43,73,41,Medium,0
37736,20,Female,Europe,Simulation,16.19414609222076,0,Hard,0,48,83,27,Medium,2
33857,38,Male,USA,RPG,16.070502396500668,0,Hard,14,85,84,46,Medium,0
27670,47,Male,USA,Sports,12.308988353456666,0,Hard,6,117,46,26,Medium,0
37601,31,Male,USA,Action,0.1522957768649515,0,Medium,0,142,90,15,Low,0
12564,21,Female,USA,Simulation,12.899000179583672,0,Medium,3,153,19,44,Medium,0
28114,34,Male,Europe,Action,8.099260115757378,0,Easy,19,151,80,25,High,0
41768,44,Male,Asia,Action,5.328921869809606,0,Medium,10,12,36,20,High,0
47633,17,Male,USA,Strategy,2.5563845765843096,1,Easy,7,27,67,28,Low,1
25852,20,Male,Other,Simulation,2.708399558532106,1,Easy,7,123,29,15,High,1
10402,47,Male,Europe,Strategy,22.937023718568184,0,Medium,9,81,46,17,Medium,0
20905,30,Female,Europe,RPG,14.290614690146136,0,Easy,15,80,77,48,Medium,2
31894,44,Male,Asia,Simulation,1.667965390426822,0,Easy,17,129,82,40,High,0
24999,22,Male,Europe,Sports,18.429787731023307,0,Hard,4,62,44,34,Low,0
27524,24,Female,Asia,Sports,15.559283996451745,0,Easy,3,50,78,48,Medium,2
37086,26,Male,Europe,Simulation,20.16558026055685,1,Easy,0,49,40,28,High,1
24685,31,Male,Europe,Sports,7.156211706762015,1,Hard,19,82,98,22,High,1
46436,24,Female,Europe,RPG,3.992705389947568,0,Hard,8,22,25,17,Low,0
21515,47,Female,USA,Action,1.3946492738416412,1,Medium,3,159,49,32,Medium,1
32484,27,Female,Europe,Sports,2.8467811443059388,0,Easy,19,57,45,34,Medium,0
36872,46,Female,USA,Sports,4.698827619427323,0,Easy,5,47,95,45,Medium,0
36417,37,Male,USA,Action,13.99237229131781,0,Easy,9,60,16,20,Medium,0
40411,41,Male,Europe,Sports,14.741569619889964,1,Medium,17,149,47,18,High,1
13962,23,Male,Europe,Action,8.360294832839966,0,Easy,2,127,78,6,Low,2
17489,20,Female,USA,Strategy,18.10549856185268,0,Medium,13,77,52,19,Medium,0
27838,31,Male,Europe,Strategy,6.536307319977327,0,Easy,15,109,11,28,High,0
29974,24,Male,Europe,Action,13.860224529504936,1,Hard,9,100,61,14,Medium,1
28240,24,Male,Asia,Sports,12.695783616405482,0,Medium,19,113,22,48,Low,0
20348,47,Female,USA,Strategy,11.393709176245943,1,Hard,12,168,21,47,High,1
32685,29,Male,Asia,RPG,6.848247238399023,0,Hard,0,159,83,17,Low,0
37836,16,Male,Asia,RPG,12.758300955931546,0,Easy,6,161,34,38,Medium,2
33893,43,Male,USA,Strategy,18.68733067081945,0,Medium,11,96,58,14,Medium,0
11149,41,Male,Europe,Sports,8.68319573294876,1,Hard,8,125,31,23,Medium,1
24013,20,Male,Europe,Strategy,21.06835111071566,1,Easy,13,99,68,8,Medium,1
17279,36,Male,Europe,Strategy,0.4997700716707953,0,Hard,14,44,97,15,Medium,0
22185,17,Male,USA,Strategy,6.783908494574621,0,Hard,10,23,6,14,Low,0
38104,24,Female,USA,Action,13.14425545324363,0,Hard,3,80,49,10,Low,0
14001,33,Female,Asia,Action,2.91494155624262,0,Easy,19,124,68,37,High,0
47622,39,Male,Europe,RPG,22.67633776002301,0,Medium,2,131,61,37,Medium,0
23335,29,Male,Europe,Strategy,12.989488128226158,1,Easy,9,94,80,33,Medium,1
44524,43,Male,USA,RPG,14.064695893533743,0,Easy,13,153,66,42,High,0
23632,29,Male,USA,Action,7.883125038607041,0,Hard,1,60,11,35,Low,0
46050,33,Male,Asia,RPG,5.728851137908927,0,Easy,2,45,19,2,Low,0
28223,30,Female,USA,Strategy,4.57091381702893,0,Easy,7,28,30,1,Low,0
25041,47,Female,Europe,Strategy,5.61060178601482,0,Hard,6,30,71,20,Low,0
14020,20,Male,USA,Sports,9.420729219338371,0,Easy,8,133,42,10,Medium,0
23856,42,Male,Asia,RPG,14.609732609188264,1,Medium,12,104,56,3,Medium,1
27134,22,Male,USA,RPG,2.1670235155526623,0,Easy,5,118,14,23,Medium,0
27618,24,Female,Other,RPG,15.214229721195828,0,Hard,10,63,58,37,Medium,0
45023,24,Female,Asia,RPG,17.336274246696195,1,Medium,1,109,1,7,Low,1
40073,33,Male,Europe,RPG,17.184696903804717,1,Hard,14,17,58,19,Low,1
36824,27,Female,USA,Simulation,7.762770394678976,0,Easy,8,125,72,0,Medium,0
38724,15,Male,Europe,Sports,22.04615787133573,0,Easy,1,63,24,15,Low,2
38820,31,Female,USA,RPG,14.332662182664585,0,Easy,18,18,70,34,Medium,2
10647,29,Female,Europe,Strategy,8.094082801478471,1,Hard,16,139,1,35,High,1
26977,45,Female,Asia,Strategy,12.62349445105904,0,Hard,15,145,95,41,High,0
12000,39,Male,USA,RPG,6.533978796406122,0,Easy,1,135,14,21,Low,0
38394,16,Male,USA,RPG,7.858806156019106,0,Easy,7,164,49,14,Medium,0
11772,18,Male,Europe,Sports,8.700353867204548,0,Medium,17,16,29,15,Low,0
43478,20,Male,Europe,Sports,7.772579469525437,1,Easy,13,59,45,6,Low,1
43899,22,Female,Asia,Simulation,18.25226882604808,1,Hard,2,149,37,23,Medium,1
35517,46,Male,USA,RPG,23.717865360312373,0,Hard,6,68,5,6,Medium,0
33726,49,Female,Asia,Simulation,19.121715192834813,0,Easy,0,22,5,2,Low,0
23290,18,Male,Europe,Simulation,8.998493670975016,1,Hard,8,128,82,5,Low,1
28237,47,Female,USA,RPG,16.755704632823093,1,Easy,14,53,21,43,Medium,1
33082,49,Female,Other,Strategy,6.086682348547599,1,Easy,5,89,81,17,Medium,1
47274,31,Female,USA,Simulation,22.023189219474027,0,Easy,10,120,85,27,Medium,0
28025,49,Male,Asia,RPG,10.494538443892308,0,Easy,9,129,3,36,Medium,0
22849,33,Female,Europe,RPG,2.9089990755048643,0,Easy,8,68,42,15,Medium,0
47056,34,Male,USA,Simulation,21.781889798367374,0,Easy,10,42,92,2,Medium,0
23131,24,Female,Europe,Strategy,18.068594082544145,1,Easy,8,33,67,30,Medium,1
17435,24,Male,Europe,Action,15.743024127071452,1,Easy,13,149,16,48,High,1
32581,37,Male,Europe,RPG,11.501892438207571,0,Medium,7,175,6,36,Medium,0
34924,42,Male,USA,Simulation,21.7248840235956,1,Easy,2,133,79,49,Medium,1
31026,15,Male,Other,Strategy,11.59428038292504,0,Medium,8,178,85,16,High,0
29351,46,Female,Asia,RPG,6.244278613653111,0,Medium,15,142,25,40,High,0
15600,46,Male,USA,Simulation,6.158463857868285,0,Easy,17,161,21,41,High,0
21528,36,Female,Asia,Simulation,19.549285216247377,0,Easy,6,16,58,20,Low,0
39467,30,Male,USA,Strategy,5.461605164884316,0,Medium,13,12,43,47,Low,0
28948,22,Female,USA,Sports,3.693708237597267,1,Medium,11,49,38,44,Medium,1
21110,39,Male,USA,Strategy,12.774827499895927,0,Easy,18,44,64,35,Medium,0
18284,47,Female,Europe,Action,5.269335204292219,0,Medium,18,172,8,32,High,0
30541,20,Male,USA,Strategy,16.49087852668383,0,Hard,4,152,47,49,Medium,0
10392,34,Male,Other,Action,11.936888398418214,0,Medium,16,139,5,25,High,0
41572,40,Male,Europe,RPG,1.429725900321837,0,Medium,15,102,3,48,High,0
9816,41,Female,USA,Action,8.034741991375771,0,Easy,17,55,25,15,Medium,0
32062,39,Male,Europe,Strategy,18.674984947246305,1,Easy,4,76,20,47,Medium,1
41686,29,Female,USA,Strategy,20.187172204906943,0,Easy,16,52,2,20,Medium,0
33529,47,Female,USA,Simulation,0.1848672293270157,0,Medium,8,122,81,8,Medium,0
14525,38,Male,USA,Action,13.632375635163427,0,Medium,1,144,77,48,Medium,0
24211,28,Female,USA,Action,21.3756816643795,0,Easy,10,49,36,44,Medium,2
43928,17,Male,Asia,RPG,7.328501183659006,0,Easy,19,46,10,9,Medium,0
42486,28,Male,USA,Sports,9.747448446669363,0,Medium,2,175,20,13,Low,0
29831,18,Male,USA,Sports,2.507227557004072,0,Medium,19,133,42,32,High,0
17305,47,Male,Europe,Simulation,10.774017219621992,0,Easy,6,60,2,42,Medium,0
17639,45,Male,USA,RPG,8.740474612311775,0,Easy,4,142,99,21,Medium,0
46187,33,Male,Other,Simulation,16.170595314723528,0,Easy,7,88,28,23,Medium,0
13859,32,Female,Europe,Simulation,11.149473863558304,0,Easy,10,58,54,22,Medium,2
20237,19,Female,Europe,Simulation,17.06387526790639,0,Medium,6,52,91,6,Medium,2
9740,34,Male,Asia,Action,18.84412131863381,0,Medium,8,81,94,49,Medium,0
13741,42,Male,USA,Sports,17.069977469437077,0,Easy,15,115,54,36,High,0
26470,26,Female,Asia,Simulation,7.853079907193353,0,Easy,4,129,86,26,Low,2
30581,42,Male,USA,Sports,3.7594911398665847,0,Easy,8,168,98,7,Medium,0
12095,48,Male,USA,Simulation,18.93262982069789,0,Hard,1,53,39,6,Low,0
45243,46,Female,USA,Sports,11.021363964967303,0,Easy,0,21,52,15,Low,0
33779,33,Female,USA,Strategy,8.594652005075648,0,Medium,10,62,95,21,Low,0
44390,20,Male,Other,Sports,6.729120262418518,0,Easy,17,159,9,48,High,0
40542,37,Female,Asia,Action,4.563093846292742,1,Easy,12,98,92,24,Medium,1
48908,45,Male,USA,Simulation,19.102827092480425,0,Medium,15,168,47,26,High,0
38421,41,Male,Asia,Simulation,20.35421347475273,0,Hard,7,107,45,35,Medium,0
19545,17,Female,USA,Simulation,20.20455999190895,0,Easy,6,105,75,17,Medium,2
18535,17,Male,Other,RPG,5.638654734977317,1,Easy,2,21,80,41,Low,1
40589,32,Male,USA,Simulation,23.088399854434428,0,Easy,13,139,66,14,High,0
18920,40,Male,Asia,RPG,2.685084032229973,0,Medium,6,15,34,20,Low,0
28415,22,Female,USA,Strategy,18.01042434643754,0,Easy,2,48,6,48,Low,2
31053,34,Female,USA,Simulation,17.856487771627044,0,Easy,10,130,60,18,Medium,0
46305,18,Male,USA,Strategy,21.089559067684988,0,Hard,6,174,8,27,Medium,0
40150,38,Female,USA,Action,15.681671964060996,0,Easy,15,64,84,13,Medium,0
35713,21,Male,Asia,RPG,18.54500347912597,0,Easy,12,151,40,8,High,0
36739,42,Male,Asia,Sports,11.244832870233491,0,Easy,16,136,66,43,High,0
38655,44,Male,USA,Action,7.427332812339425,0,Easy,17,125,64,33,High,0
34889,18,Male,Other,Action,9.017174853990038,1,Easy,13,121,54,21,Medium,1
22252,16,Male,Other,Sports,8.320933327762889,1,Easy,9,90,73,21,Medium,1
39617,47,Female,Other,RPG,10.786882187083066,0,Medium,13,100,82,11,Medium,0
12049,26,Male,Asia,Simulation,8.523839952469613,0,Easy,11,118,45,20,Medium,0
33186,31,Female,Europe,Simulation,15.871858898690244,0,Easy,2,80,17,28,Low,0
34469,46,Male,USA,Sports,5.27770501510539,0,Medium,4,175,35,32,Medium,0
23786,23,Female,Asia,Action,18.5434244886818,0,Medium,13,91,34,49,Medium,0
44765,37,Male,Asia,RPG,2.966824945463536,0,Easy,6,35,28,15,Low,0
37957,48,Female,USA,Strategy,20.04571665391783,0,Easy,10,103,7,38,Medium,0
42554,43,Male,Asia,Action,0.9380351482172068,0,Easy,16,94,13,15,High,0
40657,23,Male,USA,Strategy,17.79284167048344,0,Medium,9,80,81,19,Medium,0
36054,32,Female,USA,Action,15.223854145978269,1,Easy,3,59,47,49,Low,1
33245,23,Female,Europe,Strategy,21.568408326474525,1,Medium,12,163,3,11,Medium,1
34771,36,Female,Asia,Strategy,17.097806880781803,0,Medium,18,95,27,0,High,0
18975,42,Male,USA,Sports,5.889588048087198,0,Medium,14,170,61,13,High,0
46604,34,Female,Europe,RPG,21.44281656127773,1,Easy,8,109,49,19,Medium,1
37434,44,Male,USA,RPG,3.7378737270049065,1,Medium,7,165,37,38,Medium,1
41227,16,Female,USA,Action,23.563782943787025,0,Medium,5,99,15,15,Medium,0
12619,43,Male,Asia,Sports,23.320922401944934,1,Medium,0,62,71,48,Low,1
15186,49,Male,USA,Strategy,15.729256091387896,0,Medium,12,167,34,16,High,0
40276,19,Female,Europe,Simulation,20.373270290896965,0,Easy,0,54,74,40,Low,2
37860,41,Male,Asia,Action,11.855675060558568,1,Easy,2,134,98,2,Low,1
25174,31,Female,USA,Sports,12.887629796694483,1,Easy,17,179,84,31,High,1
19592,16,Male,Other,Simulation,4.718545717947556,1,Easy,15,93,10,27,Medium,1
21790,30,Female,Asia,Action,10.75841036806871,1,Easy,17,163,68,30,High,1
16679,32,Female,USA,Action,7.058932477552774,0,Easy,1,166,65,20,High,0
10451,42,Female,Asia,RPG,4.27754927113061,0,Medium,4,26,64,32,Low,0
35161,36,Female,Europe,Simulation,3.5093393152107355,0,Easy,14,179,57,6,High,0
14815,18,Male,USA,Simulation,16.36224096092642,0,Medium,3,169,82,41,Medium,0
48235,21,Female,Asia,Simulation,23.02030958871504,1,Hard,11,125,29,25,Medium,1
40052,49,Female,Europe,Sports,10.453751014892209,0,Easy,8,10,69,13,Low,0
30622,21,Male,USA,Sports,11.57772986557816,1,Easy,10,99,44,19,Medium,1
11743,26,Male,USA,Simulation,7.307187086686754,1,Medium,7,123,14,19,Medium,1
38634,42,Male,USA,Simulation,23.644417807017746,0,Medium,3,125,76,29,Medium,0
10503,45,Female,Other,Action,22.29016477157761,0,Easy,9,43,60,33,Medium,0
19026,48,Male,USA,Sports,3.685060735935732,1,Hard,11,27,6,16,Low,1
20257,37,Male,USA,Sports,10.756073600747085,0,Medium,6,167,46,6,Medium,0
39789,27,Male,USA,Action,1.3655192510023584,0,Medium,10,129,83,34,Low,0
17087,21,Male,Asia,Simulation,12.362438358400684,0,Easy,9,161,49,49,High,2
32832,31,Male,USA,Simulation,16.76712984544958,0,Easy,12,85,39,46,Medium,2
44037,17,Female,Europe,Strategy,21.133130603889647,0,Medium,12,75,23,49,Medium,0
32149,29,Female,Other,Action,8.784888161432317,0,Easy,13,46,1,18,Medium,0
11531,25,Male,Asia,Simulation,8.207349787537556,1,Easy,18,46,65,37,Medium,1
39582,16,Female,Asia,Sports,16.2577948022261,1,Medium,12,164,14,19,High,1
43682,34,Female,USA,Simulation,9.106622250137043,0,Medium,13,56,76,20,Medium,0
35474,27,Male,USA,Sports,14.336647863171232,1,Easy,5,168,17,48,Medium,1
39969,22,Male,Europe,Sports,9.040610587515056,0,Easy,12,107,79,46,High,2
35929,44,Male,USA,RPG,11.144484312193184,0,Hard,17,100,21,25,High,0
9857,26,Female,USA,RPG,3.442169847230637,0,Easy,0,119,74,29,Low,2
19742,28,Male,USA,Action,1.7497671594917623,0,Easy,1,177,1,15,Low,0
11907,36,Male,Asia,Sports,19.94694736249634,1,Medium,18,106,77,31,High,1
43726,35,Female,Europe,RPG,13.344059402933752,0,Easy,2,121,27,45,Low,0
21066,15,Female,Europe,RPG,12.33777967840664,0,Easy,8,115,33,23,Medium,2
41422,30,Male,Asia,Strategy,17.4043725787826,0,Easy,4,178,66,46,Medium,0
9109,46,Male,Other,Strategy,18.55396821448505,0,Easy,12,96,2,21,Medium,0
31342,36,Female,Other,RPG,12.760482719942017,0,Easy,2,141,78,43,Medium,0
13569,40,Female,USA,RPG,22.182556289694777,0,Medium,6,144,15,46,Medium,0
30501,28,Female,Europe,Sports,19.513904703359803,0,Medium,15,80,45,4,Medium,0
37200,48,Male,Asia,RPG,4.148314663252845,0,Hard,14,32,73,23,Medium,0
35874,28,Male,Asia,Action,8.877932527178414,0,Easy,10,147,19,49,High,0
49008,29,Male,USA,Sports,20.91192343521137,0,Hard,3,11,7,37,Low,0
33867,30,Male,Europe,Strategy,17.646973588993188,0,Medium,17,17,28,49,Medium,0
15432,48,Male,Europe,Sports,9.764312699161913,1,Easy,13,159,65,6,High,1
12028,24,Male,USA,Strategy,16.49690682970427,0,Hard,12,61,29,20,Low,0
46263,34,Male,Asia,Strategy,21.143749917558207,0,Easy,9,26,55,17,Low,0
48983,22,Male,USA,Action,2.875217911779532,0,Medium,12,65,5,21,Medium,0
20658,24,Male,Other,Sports,22.41898344445284,0,Medium,9,30,48,19,Low,0
27923,32,Male,Asia,RPG,17.022810768836823,0,Medium,2,143,97,15,Medium,0
9729,44,Male,USA,Sports,2.505890057492927,0,Medium,8,157,39,47,Medium,0
26125,24,Male,Europe,RPG,14.274980222092276,0,Easy,2,176,40,18,Medium,0
31098,41,Male,Europe,Sports,23.46889133075185,0,Hard,1,56,85,0,Medium,0
44173,34,Male,Other,Action,1.7882006774590398,0,Easy,0,176,47,49,Medium,0
41800,27,Female,USA,Action,22.714727967114698,0,Medium,6,167,36,43,Medium,0
37034,47,Male,Europe,Action,18.356693326374547,0,Easy,18,83,66,38,High,0
35620,35,Male,Asia,Action,15.848623574406329,0,Hard,4,103,16,21,Medium,0
24538,21,Female,USA,Action,6.879022405434631,0,Medium,1,19,76,43,Low,2
43759,23,Male,USA,Simulation,18.207732156311685,1,Easy,9,61,93,33,Medium,1
28511,46,Female,Europe,Sports,16.90570911943194,1,Medium,16,60,72,42,Medium,1
30925,25,Male,USA,Action,11.20900991222796,0,Easy,18,124,93,35,High,2
33048,23,Female,USA,RPG,18.03165200091861,1,Easy,16,144,18,33,High,1
36779,44,Male,USA,Simulation,10.38812427954121,0,Easy,4,55,16,22,High,0
16729,33,Male,Europe,Sports,23.72721721342603,0,Easy,13,140,42,41,High,2
18473,35,Male,Asia,Sports,4.851056728442506,0,Easy,4,157,76,12,Medium,0
43112,30,Male,Europe,Sports,0.2289122870676854,0,Easy,11,128,37,7,Medium,0
41075,18,Male,USA,Action,20.05357312615622,0,Hard,9,152,95,13,High,0
21880,23,Female,Europe,Sports,10.23845446259907,0,Hard,5,61,52,24,Medium,0
38067,36,Male,Europe,Strategy,9.058046065413713,0,Medium,18,35,65,10,Medium,0
13291,49,Female,USA,Sports,14.996819770157591,0,Medium,5,138,16,2,Medium,0
34458,28,Female,Other,Strategy,1.9961281075507475,0,Easy,3,74,27,3,Low,0
47889,42,Male,Europe,Strategy,19.73420498185844,0,Easy,6,92,2,13,Medium,0
39410,28,Male,Asia,Action,9.853450577221448,0,Medium,16,128,9,8,High,0
30155,45,Female,Asia,Simulation,13.152641787957249,0,Medium,16,13,60,2,High,0
15604,20,Male,USA,Strategy,5.64381537697082,0,Medium,1,76,77,35,Low,2
30848,47,Female,USA,Simulation,1.813693541119832,0,Easy,18,26,62,22,Medium,0
27036,38,Female,USA,Action,3.9298514025443865,1,Medium,9,148,83,35,High,1
45502,49,Male,Asia,Strategy,19.237902264661933,0,Hard,12,98,18,23,Medium,0
19708,34,Female,Asia,Action,10.45418601149032,0,Easy,4,169,70,3,Medium,0
16264,34,Male,USA,Strategy,22.100168456063457,0,Easy,0,143,82,5,Low,0
45476,42,Male,Asia,Simulation,10.520409156690404,0,Medium,19,139,17,7,High,0
47385,17,Female,Europe,Action,18.296937366254856,0,Medium,19,35,72,36,Medium,2
22205,16,Female,USA,RPG,18.825540038479268,0,Easy,15,82,65,49,Medium,2
13520,45,Female,Other,Strategy,23.48869291523133,0,Easy,1,57,42,10,Low,0
17725,18,Female,Other,RPG,8.194195774057683,0,Easy,18,42,72,49,Medium,2
23111,47,Female,Other,Simulation,9.181437394980046,0,Easy,11,26,5,38,Low,0
28742,44,Male,Europe,RPG,2.1752433457476954,0,Hard,5,16,31,20,Low,0
13168,27,Female,Other,RPG,5.45274241617537,0,Easy,9,175,42,10,High,0
38874,46,Male,Asia,Simulation,21.52249360074796,1,Medium,16,88,61,49,High,1
43345,24,Female,Asia,Strategy,16.424537875957235,0,Easy,7,57,48,21,Medium,2
15549,22,Male,Europe,Simulation,13.807782587805178,0,Medium,10,73,3,47,Medium,0
19012,47,Male,Asia,Simulation,11.144131626887445,0,Easy,2,98,79,43,Medium,0
25337,44,Female,USA,Simulation,16.940283338727113,0,Easy,7,174,29,21,Medium,0
47794,35,Male,USA,Sports,19.45248239208416,0,Hard,19,159,52,44,High,0
44775,47,Female,Asia,Action,0.0362940934938604,1,Medium,0,85,36,31,High,1
17718,45,Male,USA,Action,4.1019940171790426,0,Medium,5,22,99,36,Low,0
34577,41,Male,Other,RPG,9.29870714747046,0,Easy,12,170,70,14,Medium,0
48283,18,Female,Europe,RPG,22.672992974748045,1,Medium,12,135,5,13,Medium,1
11814,24,Female,Asia,Simulation,17.109897415488874,0,Easy,1,107,44,31,Low,2
17194,17,Male,Asia,RPG,14.7301546704607,0,Medium,9,58,33,29,Medium,0
31896,26,Male,Europe,Action,13.871312421850895,0,Easy,8,132,36,30,Medium,2
30082,39,Female,Europe,Sports,14.36037580453966,0,Hard,2,41,52,13,Low,0
46865,35,Female,Asia,Simulation,16.713273042795137,0,Hard,5,17,8,5,Low,0
15648,45,Male,Europe,Simulation,1.1114822889555978,0,Medium,18,15,9,10,Low,0
32359,43,Male,Asia,Action,9.551136827589694,1,Medium,11,56,29,21,Medium,1
11825,18,Male,USA,Simulation,4.506710722568949,0,Medium,9,55,70,18,Medium,2
38646,25,Male,Asia,Action,3.952760869002224,0,Medium,4,58,22,9,Low,0
16324,23,Male,USA,Strategy,11.534824951196544,0,Medium,5,95,5,13,Medium,0
29770,37,Male,Europe,RPG,10.629886932665157,0,Medium,10,168,82,1,High,0
46589,34,Male,Europe,Strategy,18.411323403285543,0,Hard,2,145,52,30,Medium,0
47410,45,Male,USA,RPG,18.846899631902943,0,Hard,8,123,80,36,Medium,0
30459,27,Male,Europe,RPG,6.184735927560199,0,Easy,18,179,17,1,High,0
37005,20,Female,USA,Simulation,1.1021945334034775,0,Easy,9,152,37,0,Medium,0
29077,40,Male,USA,Action,3.490314995255905,0,Easy,3,117,19,46,Medium,0
45977,45,Male,Europe,Simulation,18.47531258741566,0,Easy,12,59,4,24,Medium,0
21649,22,Male,Asia,Sports,6.0989342538658375,0,Easy,1,10,75,47,Medium,2
32208,42,Male,USA,Simulation,11.816032437114828,0,Easy,12,30,80,0,Medium,0
47039,30,Female,Europe,Action,12.49504790559794,0,Easy,2,107,85,16,Low,2
26931,47,Female,Asia,Strategy,17.40103356399446,0,Easy,7,29,51,0,Low,0
40540,41,Male,USA,RPG,11.966034467905718,0,Hard,6,38,1,21,Low,0
10398,47,Male,Other,Simulation,7.945109612870445,0,Hard,15,60,97,34,Medium,0
9465,43,Female,Europe,Strategy,16.015709473348025,0,Easy,17,158,36,27,High,0
33825,24,Female,Asia,Sports,6.13611781035904,1,Easy,5,156,53,33,Medium,1
12018,41,Male,Europe,RPG,0.1148734178343913,0,Medium,7,122,25,28,Medium,0
14288,21,Male,Europe,Sports,8.758663714347847,0,Medium,18,71,4,20,Medium,0
43444,31,Male,USA,Sports,20.91377363900169,0,Easy,14,79,19,16,Medium,0
35112,18,Female,Asia,Simulation,21.864639687000363,0,Hard,16,44,5,43,Medium,0
18062,34,Male,Europe,Action,8.041657591997778,0,Hard,11,46,25,4,Medium,0
44158,18,Female,Other,Action,17.309717251517505,0,Medium,2,115,25,7,Low,0
34313,23,Male,USA,Action,21.339568207690743,0,Easy,5,95,49,21,Medium,2
31969,49,Male,Asia,Action,5.615327287372501,0,Medium,15,119,67,46,High,0
18317,36,Male,Asia,Strategy,5.778674388252442,0,Easy,17,170,25,46,High,0
31617,43,Female,Asia,Simulation,6.816509863437015,0,Easy,11,60,75,8,Medium,0
14373,30,Female,Asia,Sports,19.13719919445427,0,Hard,0,100,34,15,Low,0
17760,26,Female,Europe,Sports,19.18692899410386,1,Medium,12,86,49,30,Medium,1
28640,37,Female,Asia,Strategy,9.28255520105419,0,Medium,15,34,40,0,Medium,0
29148,42,Female,Asia,RPG,12.302481683042403,0,Medium,16,111,16,16,High,0
33883,25,Male,USA,Sports,20.030236442273125,0,Easy,2,81,91,40,Medium,2
39882,17,Male,Europe,Strategy,20.99652840465564,0,Easy,12,145,54,47,High,2
17925,36,Male,Europe,Simulation,0.5278339448262663,1,Easy,9,18,42,32,Low,1
34994,33,Male,Asia,Strategy,6.579517686870005,1,Medium,0,159,34,29,Low,1
28411,19,Male,Europe,Action,8.726069615886868,0,Easy,1,59,6,37,Low,2
43439,19,Male,USA,Action,20.248305938573687,1,Easy,18,155,93,14,High,1
11265,34,Female,Asia,RPG,9.645030869579609,1,Easy,2,109,34,37,Low,1
25809,42,Female,USA,Strategy,4.312429859588649,0,Hard,1,99,35,49,Low,0
42573,42,Male,Other,Simulation,3.944145756942675,0,Easy,9,36,14,48,Medium,0
24189,43,Female,Europe,Strategy,16.88138998053817,0,Easy,3,41,69,21,Low,0
28306,39,Male,USA,Strategy,8.391582782080278,0,Medium,3,48,61,15,Low,0
37924,48,Female,Europe,Simulation,20.5278306834822,1,Easy,16,102,83,26,High,1
40112,37,Female,Europe,Sports,6.37295194889482,1,Medium,10,55,14,10,Medium,1
11158,24,Male,USA,Simulation,8.005718327324358,0,Hard,17,147,23,12,High,0
38517,19,Male,USA,Sports,6.082524690145536,0,Hard,4,37,82,22,Low,2
35395,39,Male,Europe,Simulation,2.846410698324997,0,Easy,0,29,49,30,Low,2
22529,37,Female,USA,Simulation,2.6586572712958647,0,Easy,1,71,50,28,Medium,2
31729,37,Male,USA,Action,10.891476515920765,0,Hard,19,67,17,34,Low,0
44103,30,Female,USA,Strategy,15.233978285408492,0,Medium,6,121,14,18,Medium,0
35078,25,Female,USA,Simulation,10.463578743609204,0,Medium,18,163,82,41,High,0
12719,29,Male,Asia,Action,7.6235469115126655,1,Easy,3,110,24,12,Medium,1
43229,40,Male,Europe,Action,20.54721442216272,0,Easy,1,110,11,30,Low,0
30495,43,Male,USA,Strategy,4.944599418178671,0,Hard,6,76,88,38,Medium,0
20034,29,Male,Asia,Strategy,12.722527750597276,0,Hard,7,160,25,47,Medium,0
42346,23,Male,Europe,Action,19.93819530821959,0,Easy,1,167,61,7,Low,0
15526,40,Female,USA,Action,11.659844500291632,0,Easy,18,68,41,7,Medium,0
23803,32,Female,Asia,Action,0.8051091718906003,0,Easy,11,70,70,2,Medium,0
11300,34,Male,Asia,Action,21.833460544724737,0,Medium,5,63,87,25,Medium,0
14053,37,Female,Asia,Simulation,18.76756642644301,0,Hard,7,178,48,2,Medium,0
44306,32,Male,Asia,Sports,8.528200706395165,0,Medium,10,70,44,20,Low,0
22022,47,Male,Europe,RPG,17.875749594839693,0,Easy,14,141,49,40,High,0
42220,25,Female,USA,RPG,6.600880828264359,1,Easy,5,67,76,2,Medium,1
25696,49,Female,Asia,Strategy,20.37285504068307,0,Medium,1,107,83,44,Medium,0
13289,30,Male,Other,Action,21.83900422550287,0,Easy,6,94,52,38,Medium,2
44553,37,Male,Europe,Simulation,12.059120770361073,0,Medium,16,90,12,12,High,0
17101,19,Female,USA,Strategy,8.43569073277716,0,Medium,12,64,51,44,Low,0
18826,15,Female,Europe,RPG,10.370175649000458,0,Easy,8,134,27,32,Medium,2
40280,48,Female,Europe,Sports,8.03941256123154,0,Hard,2,173,67,2,Medium,0
41110,44,Female,USA,Strategy,21.915816407288016,0,Easy,18,147,74,3,Medium,0
22831,22,Male,Asia,Sports,16.643804245166216,1,Easy,15,34,45,19,Medium,1
41166,15,Male,USA,RPG,18.386141435355807,1,Medium,17,48,90,31,Medium,1
47670,33,Male,USA,Strategy,6.386047067551563,0,Medium,11,154,8,41,High,0
35216,29,Female,Europe,Strategy,18.082368379602865,0,Hard,18,48,93,2,Medium,0
11868,40,Female,USA,Strategy,17.935469156688264,0,Easy,2,172,10,24,Medium,0
27106,18,Male,Other,Simulation,2.0533186762301288,0,Medium,9,48,48,22,Medium,2
40695,17,Male,USA,Strategy,5.430876263467809,1,Easy,2,117,75,11,Low,1
38942,17,Female,Europe,Simulation,8.21226474279803,0,Medium,6,69,81,12,Medium,2
26925,21,Female,USA,RPG,16.73417125633233,1,Hard,16,23,85,2,Medium,1
46427,19,Female,Europe,Action,20.10540756726224,0,Medium,11,83,17,15,Medium,0
26697,29,Male,Europe,Sports,17.508183722711358,0,Easy,17,85,92,36,High,2
27965,38,Male,USA,Sports,15.25097411325748,0,Hard,12,37,36,3,Medium,0
10557,36,Female,Asia,Action,2.5555841973637694,0,Hard,1,30,99,21,Low,0
37318,17,Female,USA,Action,8.886244593851242,0,Medium,18,115,9,28,High,0
16201,48,Male,Asia,Simulation,2.388344121899955,0,Medium,16,176,20,21,High,0
26339,36,Male,Europe,Action,2.672420203049496,0,Medium,4,152,52,5,Medium,0
30483,42,Male,Europe,Action,15.175182284277096,1,Easy,3,148,5,5,Medium,1
26874,37,Male,USA,Strategy,10.610093287287144,0,Hard,7,177,63,49,Medium,0
23765,38,Male,Europe,RPG,20.858556095853096,1,Easy,5,62,68,33,Medium,1
25095,24,Male,USA,Sports,19.602233516872403,0,Easy,19,77,15,32,High,0
17901,31,Male,USA,Action,10.176171217711833,0,Hard,0,76,32,0,Medium,0
27267,21,Female,USA,Simulation,3.18235326347497,1,Medium,8,123,95,7,Medium,1
26967,20,Female,Europe,Sports,19.13960820268142,0,Easy,16,44,96,19,Medium,2
37752,19,Male,USA,RPG,12.029707065803006,0,Hard,17,114,1,45,High,0
28967,37,Male,USA,RPG,12.236101349700824,0,Easy,0,34,18,18,Low,0
11608,25,Male,Asia,Strategy,11.75912761582391,0,Easy,7,108,77,19,Medium,2
36662,22,Female,Asia,Strategy,0.6330353474096482,0,Easy,12,22,95,46,Medium,2
25655,17,Female,Europe,Simulation,6.018614867094331,0,Hard,4,40,34,1,Low,0
17021,45,Male,Other,Sports,19.563197092259543,0,Hard,0,107,23,22,Low,0
34992,16,Male,USA,Strategy,16.637544064041364,0,Medium,16,104,95,20,High,2
33121,39,Female,USA,Strategy,6.999604179227622,0,Easy,10,83,31,25,Medium,0
45532,43,Female,Asia,RPG,23.754268033271813,0,Easy,18,163,17,0,High,0
16755,38,Male,USA,Simulation,17.890099130758248,1,Easy,2,37,63,7,High,1
10536,19,Female,USA,Action,20.920238518943684,0,Easy,11,19,19,19,Low,0
28000,17,Female,USA,Action,6.494046822697055,0,Hard,7,105,96,20,Medium,2
46633,45,Female,Europe,Simulation,3.1960234103378173,0,Hard,15,51,66,1,Medium,0
24988,27,Male,Europe,Sports,1.9184202301622169,0,Easy,16,106,87,21,High,0
36681,32,Female,Asia,RPG,20.31274276403543,1,Easy,9,134,89,0,Medium,1
33721,19,Male,USA,Strategy,16.996429310811823,0,Medium,16,25,31,39,Medium,0
23061,20,Female,Europe,Sports,12.792557664886209,1,Easy,9,43,46,0,Medium,1
16028,21,Male,USA,RPG,13.123219504258923,0,Easy,13,175,49,45,High,2
25801,39,Male,USA,Sports,11.927337321974882,0,Easy,6,136,41,38,Medium,0
35893,33,Male,Europe,Sports,22.70125988288829,0,Hard,14,30,37,23,Medium,0
45633,38,Male,Europe,Simulation,2.860857950528133,0,Easy,3,126,69,9,High,0
40511,27,Female,Europe,Sports,17.35737025819528,0,Easy,16,57,90,29,Medium,2
21800,34,Female,Europe,Strategy,22.19678030599304,0,Medium,6,147,17,36,Medium,0
37507,43,Male,USA,Action,9.977344992662626,1,Medium,1,125,10,33,Low,1
32263,21,Male,Asia,RPG,7.345326606314252,0,Easy,10,167,63,26,High,2
15354,23,Male,Europe,Sports,9.175530486372658,0,Medium,7,23,59,31,Low,2
18936,30,Male,USA,Simulation,5.965783905901655,0,Hard,12,23,87,34,Medium,0
13308,31,Male,USA,Sports,14.453995458647093,0,Hard,19,177,66,18,High,0
29410,37,Male,USA,Strategy,6.056900211907238,1,Medium,14,124,45,43,High,1
13750,17,Female,USA,RPG,5.155360320433185,0,Easy,3,33,63,26,Low,2
19533,36,Male,Asia,Strategy,17.17089351539209,1,Medium,14,131,2,17,High,1
35578,42,Female,USA,Action,11.976766592859462,0,Easy,16,61,39,3,Medium,0
33211,37,Female,USA,Action,13.792497284974736,0,Easy,0,137,96,3,Low,0
20988,19,Male,Asia,Strategy,2.877169026835775,0,Medium,17,50,98,46,Medium,2
49017,33,Male,Europe,RPG,20.144261406444407,0,Hard,6,171,18,3,Low,0
23854,46,Male,Asia,RPG,21.06826890535493,0,Easy,10,114,81,26,Medium,0
47295,16,Female,USA,Simulation,15.714960935180926,1,Easy,16,81,5,0,High,1
38568,43,Female,Asia,Strategy,23.68588717146233,0,Medium,11,45,74,7,Medium,0
15404,32,Female,USA,Action,18.62482022050496,0,Medium,16,58,63,24,Medium,0
26121,41,Male,Asia,Simulation,2.95830328935786,1,Medium,14,14,14,24,Low,1
40108,18,Male,USA,Simulation,21.129003181261005,0,Medium,16,113,7,40,High,0
29083,20,Female,Asia,RPG,13.54067438721741,0,Medium,17,90,61,37,High,2
48452,41,Male,Other,Strategy,3.8166683662659215,1,Medium,17,47,49,19,Medium,1
40176,44,Female,Asia,Sports,23.83993004286943,0,Easy,16,131,1,20,High,0
48980,19,Male,Europe,Sports,9.993379799562272,0,Easy,1,87,93,2,Low,2
28111,46,Female,USA,Simulation,9.16093619670398,0,Medium,19,12,49,11,Low,0
47732,25,Male,USA,RPG,5.662935066969979,0,Hard,4,163,50,48,Medium,0
30079,17,Male,Europe,Sports,13.627488076032732,0,Easy,19,85,71,40,High,2
27069,37,Female,USA,Strategy,10.703946639315284,0,Easy,11,176,14,4,High,0
39493,26,Male,Asia,Simulation,9.278820708584917,1,Easy,2,161,7,40,Low,1
41949,23,Male,USA,Action,19.862965814899653,0,Medium,16,12,37,7,Low,0
10673,25,Male,Europe,Action,11.71910881362395,0,Easy,4,132,44,38,Medium,2
30186,35,Female,Other,Simulation,14.846901321121909,0,Medium,8,81,95,40,Medium,0
33546,20,Female,Europe,RPG,18.439754933326924,0,Easy,16,175,18,42,High,2
44955,42,Male,USA,RPG,2.2927889446063547,0,Easy,9,88,10,39,Medium,0
12933,34,Male,Asia,RPG,3.087814969237652,0,Medium,12,84,12,23,Medium,0
38319,33,Male,Europe,Action,17.47953836474487,0,Hard,15,87,97,28,High,0
10829,17,Male,USA,RPG,11.714414262656945,0,Easy,6,111,75,36,Medium,2
38105,22,Female,Europe,Sports,17.523626310931128,0,Easy,2,92,12,48,Low,2
27989,46,Male,Other,Simulation,22.197524157535177,0,Easy,3,139,15,35,Medium,0
45759,38,Female,USA,Strategy,8.627444102686464,1,Hard,1,83,97,10,Low,1
19476,16,Female,Other,Strategy,13.629245375344748,0,Easy,9,144,16,38,Medium,2
36229,24,Male,Asia,Strategy,7.446239855956859,0,Medium,18,131,10,3,High,0
43350,49,Female,Europe,Simulation,3.607734605075152,1,Hard,0,30,72,49,Low,1
48255,47,Female,USA,Action,10.861480937785707,0,Hard,16,10,7,32,Low,0
47326,30,Male,USA,Sports,19.93562088084885,0,Easy,19,141,4,41,High,2
20635,36,Female,USA,Strategy,19.63991536763354,0,Hard,9,174,76,21,High,0
22902,21,Male,Europe,Action,5.469632422578656,0,Easy,7,109,81,48,Medium,2
20056,48,Male,Other,Sports,0.1817435674036653,0,Medium,14,20,15,30,Low,0
23983,21,Male,Europe,Action,4.966767479188734,0,Hard,15,104,67,20,High,0
36568,23,Male,USA,Sports,2.6904477720691933,1,Easy,0,124,70,19,Low,1
37494,23,Male,USA,Strategy,11.9921706074332,0,Easy,16,166,25,18,High,0
23019,18,Male,USA,Sports,12.793776632388177,1,Medium,2,106,92,2,Low,1
31349,42,Male,Other,Strategy,19.49629540953512,1,Medium,9,99,62,2,Medium,1
21053,35,Male,USA,Sports,4.508799470508436,1,Easy,14,65,74,43,Medium,1
21423,26,Male,Other,Strategy,0.1411352685770719,1,Medium,11,62,50,35,Medium,1
38427,39,Male,Europe,Sports,20.241753561287936,0,Hard,15,59,41,28,Medium,0
34961,18,Male,Europe,Simulation,11.965363174935304,0,Easy,7,85,51,37,Medium,2
39814,15,Male,USA,Sports,6.665133613211817,1,Easy,10,106,89,21,Medium,1
35007,24,Male,USA,RPG,9.625686826701042,0,Easy,11,60,66,4,Medium,2
28293,31,Female,Europe,Action,11.180140743778493,1,Hard,15,124,34,29,High,1
33311,36,Female,USA,RPG,11.114793629265632,1,Easy,8,177,32,22,High,1
20900,28,Female,Other,Simulation,0.2107275367645247,0,Medium,14,95,54,4,Medium,0
15803,45,Female,USA,RPG,2.8597037861696,0,Hard,7,158,80,39,Medium,0
11269,29,Female,Europe,Simulation,15.837642724126512,0,Easy,18,85,7,8,High,0
24476,39,Male,USA,Simulation,4.851934209073553,0,Medium,0,132,7,24,High,0
31254,34,Male,USA,Action,2.94490195307987,0,Medium,1,121,4,23,Low,0
32573,38,Male,Europe,Action,1.774450382479169,0,Hard,6,126,39,3,Medium,0
25349,44,Female,Asia,Simulation,20.75900606920537,0,Easy,3,139,24,49,Medium,0
38034,18,Male,Europe,Strategy,9.479247259209636,0,Medium,5,91,61,43,Medium,0
29485,15,Male,Europe,Strategy,0.3466726793681589,0,Easy,8,15,8,36,Low,2
9625,37,Male,Europe,Action,8.865600767186226,0,Medium,19,119,40,44,Medium,0
40679,43,Male,Asia,Strategy,1.6501425922693649,0,Medium,16,139,84,36,High,0
16070,21,Male,Other,Action,19.82572540452976,0,Easy,7,27,33,45,Low,2
48461,38,Male,USA,Sports,14.471871843038992,0,Easy,11,87,47,37,Medium,0
27856,46,Male,USA,RPG,21.48302758232922,0,Easy,14,85,62,5,Medium,0
41815,22,Female,Other,Simulation,18.510568017510057,0,Medium,12,102,50,41,Medium,0
44104,21,Male,Other,Sports,4.204003239531652,0,Easy,18,29,26,16,Medium,0
19497,38,Male,USA,Sports,23.87799482970305,0,Hard,11,96,87,43,Medium,0
16563,41,Female,USA,Action,3.180411401934121,0,Easy,18,115,32,49,High,0
38751,33,Female,USA,Strategy,4.5189981481437576,0,Medium,11,177,77,1,High,0
11325,44,Male,USA,Simulation,16.976690824843935,0,Easy,13,127,59,44,High,0
36031,45,Male,Other,Simulation,3.854601176756224,0,Easy,10,117,75,9,Medium,0
34486,49,Male,Europe,Simulation,21.407774084658755,0,Medium,6,127,21,24,Medium,0
36896,19,Male,Europe,Action,21.87797284417749,1,Easy,5,126,46,32,Medium,1
46318,22,Female,USA,Strategy,7.118931944707335,0,Hard,7,116,50,40,Medium,0
40733,39,Male,USA,Sports,6.306167880436809,0,Easy,14,133,57,14,High,0
15146,22,Female,Europe,Action,0.605401705678096,0,Medium,7,31,46,11,Low,2
46359,27,Male,USA,Strategy,21.94069739409108,0,Medium,8,59,27,2,Medium,0
15282,29,Female,Europe,Sports,14.805051394983376,0,Easy,13,170,83,13,High,0
45945,42,Female,Asia,Sports,5.641379447508649,1,Medium,2,33,81,0,Low,1
27372,32,Female,USA,Action,10.830765615624165,0,Hard,19,124,53,2,High,0
31036,16,Female,USA,Simulation,8.045258563783555,0,Easy,15,35,64,30,Medium,2
13146,29,Female,Europe,Strategy,17.562566876819343,0,Easy,5,90,9,6,Medium,0
28245,24,Male,Other,RPG,8.88417054866769,0,Easy,14,57,97,13,Medium,2
43937,22,Female,Asia,Simulation,19.25089952659816,0,Medium,13,129,87,9,High,0
38822,41,Male,USA,Sports,11.31826868677556,0,Easy,0,109,69,4,Medium,0
19803,33,Male,Europe,Simulation,20.83136878544316,0,Hard,8,74,47,48,Medium,0
31895,21,Female,Asia,RPG,10.342240932572672,0,Easy,5,167,34,5,Medium,0
9198,16,Female,Asia,Strategy,13.774599336278328,1,Easy,14,102,54,44,High,1
25437,36,Male,USA,RPG,4.507461611255357,0,Hard,11,147,25,11,High,0
16499,37,Male,USA,Simulation,7.228505037118262,0,Easy,15,137,9,23,High,0
36456,16,Male,USA,Strategy,9.263693451249289,0,Easy,8,144,16,35,Medium,2
30334,22,Female,Europe,Action,13.807948181819658,0,Hard,12,74,85,34,Medium,0
16321,36,Female,Europe,RPG,22.638981486305664,0,Easy,9,173,58,2,High,0
20256,20,Male,Asia,Strategy,5.013410776813141,0,Hard,7,178,44,27,Medium,0
16487,25,Male,Other,RPG,18.497926810825664,0,Easy,4,35,26,38,Low,2
26048,47,Female,Europe,Simulation,11.324480669763352,0,Medium,8,173,14,12,Medium,0
31681,16,Male,USA,Strategy,6.164742773031972,0,Easy,17,149,46,16,High,0
35979,18,Female,Europe,RPG,3.693271942868818,1,Medium,7,57,32,40,Medium,1
22360,35,Female,Europe,RPG,1.673769403524032,0,Medium,1,78,9,20,Low,0
13548,43,Female,Europe,Strategy,6.34988116822674,0,Hard,15,80,25,0,Low,0
31984,32,Female,Other,Action,2.503594060259404,0,Easy,7,74,51,4,Medium,0
19709,42,Male,USA,Simulation,21.77125379757437,0,Medium,8,122,91,41,Medium,0
37892,36,Male,Other,RPG,3.1162941658937697,0,Easy,1,140,74,10,Low,0
37566,29,Male,USA,RPG,2.924635151529236,0,Easy,12,93,26,46,Medium,0
41297,23,Male,Europe,Action,19.893448480859742,1,Medium,5,44,74,43,Medium,1
13500,41,Male,Europe,RPG,9.29943309767694,0,Medium,14,106,4,19,High,0
25647,32,Male,USA,Simulation,21.81987222841021,0,Easy,10,10,16,33,Low,0
17961,33,Male,USA,Strategy,20.200663488501213,1,Hard,11,75,79,12,Medium,1
36275,48,Female,USA,Sports,9.420714556239956,0,Medium,19,39,9,25,Medium,0
11182,38,Female,Asia,RPG,16.888555226194867,0,Easy,10,22,46,25,Low,0
47664,32,Male,USA,Strategy,11.1985085248445,0,Easy,9,98,90,33,Low,2
19229,16,Male,USA,RPG,11.462318479290918,0,Easy,5,42,23,25,Low,2
36709,38,Female,Asia,RPG,5.128100297323897,1,Hard,5,110,35,4,Medium,1
33465,25,Female,Other,Strategy,15.978267598051154,0,Hard,10,63,52,9,Medium,0
39161,16,Male,Europe,RPG,9.517497386907102,0,Medium,17,108,58,15,High,0
33012,25,Male,Other,Simulation,19.41119873914004,1,Hard,1,41,97,16,Low,1
37218,24,Female,Europe,Strategy,1.228609033764445,1,Easy,14,72,22,45,Medium,1
23597,40,Female,Asia,Sports,5.48237704775791,0,Easy,7,136,66,21,Low,0
31138,42,Female,USA,RPG,22.689719073388844,1,Easy,12,108,77,14,Medium,1
40960,40,Male,USA,Strategy,19.816454151234453,0,Easy,0,82,57,30,Low,0
10453,49,Female,USA,Action,7.155087633523022,0,Hard,7,102,49,5,Medium,0
41085,39,Female,Europe,Sports,4.935941126752611,0,Easy,3,62,77,21,Low,2
40244,47,Male,Europe,RPG,1.01036125930813,0,Medium,0,72,21,27,Low,0
39577,49,Male,Europe,Sports,22.96339365973389,0,Hard,13,37,53,42,Medium,0
44532,47,Male,Asia,Strategy,10.388813926888668,0,Hard,18,173,44,23,High,0
36061,19,Female,USA,Sports,6.318332556104078,0,Hard,11,144,87,37,High,0
15149,19,Male,Asia,Sports,8.20021532055662,0,Medium,5,46,77,9,Low,2
43571,33,Female,Europe,Action,15.44504989681726,0,Easy,3,135,13,3,Medium,0
31769,16,Male,Other,Sports,23.95664393203218,1,Easy,9,58,45,31,Medium,1
9657,40,Female,Europe,Sports,6.9432322759819565,0,Easy,2,170,89,33,Medium,0
48219,43,Male,USA,Strategy,22.66101667398071,0,Easy,0,145,30,32,Low,0
20715,32,Male,USA,RPG,16.856884361770447,1,Medium,4,173,43,1,Medium,1
16258,15,Male,USA,Action,2.7476478738986145,0,Hard,10,176,85,30,High,0
21858,41,Male,USA,Sports,6.718317157123101,0,Easy,9,50,7,21,Medium,0
17296,34,Female,Europe,Simulation,16.9351399978317,0,Easy,11,45,85,2,Medium,0
17829,39,Male,USA,Simulation,4.2749801667262695,0,Medium,1,13,39,26,Low,0
33053,49,Male,Europe,Action,14.473140627303277,1,Medium,13,153,35,4,High,1
34804,22,Male,USA,RPG,11.215719703291992,1,Hard,4,101,80,6,Medium,1
48723,18,Male,Other,Strategy,13.469457725688684,0,Easy,8,122,80,42,Low,2
44273,42,Male,Asia,RPG,21.527560200068667,0,Medium,12,80,99,45,Medium,0
30463,29,Female,USA,Action,12.532820112066258,0,Easy,7,178,68,32,Medium,2
28006,40,Male,USA,Strategy,11.256192044343386,1,Medium,17,72,97,37,High,1
41932,44,Female,USA,Strategy,20.451995569114924,0,Easy,6,148,87,27,Medium,0
15319,27,Female,Asia,Strategy,13.346366828385031,1,Medium,13,158,33,26,High,1
15885,43,Female,USA,Strategy,16.150029828730123,0,Easy,0,119,11,24,Low,0
30197,23,Female,USA,Simulation,1.9587041401519008,0,Hard,14,71,71,49,Medium,0
32758,30,Male,Europe,RPG,13.241958878200926,0,Medium,4,31,54,0,Low,0
28398,22,Female,Asia,Sports,13.680474703321597,0,Easy,19,159,71,9,High,0
31624,29,Female,USA,Strategy,14.496671290406576,0,Medium,9,176,94,34,High,0
22013,48,Female,Other,RPG,13.433188062613048,0,Medium,12,87,71,7,Medium,0
23917,16,Female,Asia,Sports,22.038337965597105,0,Easy,18,70,20,29,Medium,0
21051,29,Male,Europe,Simulation,17.791270416679332,0,Easy,18,118,44,45,High,0
34873,44,Female,Europe,Strategy,3.442333341008867,0,Medium,13,41,55,34,Medium,0
22353,39,Female,USA,RPG,18.311502626884383,1,Easy,11,105,67,26,Medium,1
25293,47,Female,Europe,Action,21.448803303708367,0,Hard,17,42,4,23,Medium,0
39399,45,Male,USA,Simulation,10.247409492551531,1,Easy,14,135,52,22,High,1
42322,28,Male,USA,Simulation,4.734855425861704,1,Easy,12,100,98,31,Medium,1
31532,27,Female,USA,RPG,8.87157076288922,1,Easy,6,39,92,48,Medium,1
9262,49,Female,Europe,RPG,14.95271715871735,0,Medium,17,65,5,47,Medium,0
10487,16,Male,Europe,Action,5.205216378507782,0,Medium,6,35,62,17,Low,2
45654,37,Female,USA,RPG,5.060397000277015,0,Easy,18,19,11,12,Medium,0
37788,27,Female,USA,Action,11.35859734132245,0,Medium,17,133,35,17,High,0
18633,22,Male,USA,RPG,11.02380767970421,0,Easy,17,145,72,22,High,0
42041,32,Female,USA,Strategy,0.681722254203792,0,Easy,10,54,27,4,Medium,0
30994,42,Female,Other,RPG,7.840407027679172,0,Easy,8,25,38,5,Low,0
36096,19,Male,USA,Sports,0.3821360240947484,0,Medium,3,37,49,20,Low,2
42639,46,Male,USA,Strategy,11.475149989775058,0,Medium,12,138,71,17,High,0
34048,26,Male,Asia,Strategy,20.43925083536944,0,Easy,19,149,46,26,High,2
18928,46,Male,USA,RPG,3.631541070024732,0,Medium,14,25,60,15,Medium,0
25815,47,Female,USA,Simulation,12.83359991816327,0,Easy,17,177,63,18,High,0
22391,44,Male,Asia,Sports,4.014666906735463,0,Easy,5,129,46,16,Medium,0
20436,39,Male,USA,Simulation,9.830047187108736,1,Easy,13,105,8,46,Medium,1
34629,21,Male,USA,Action,8.672928398079563,0,Medium,7,122,4,13,Medium,0
39370,24,Female,USA,Sports,7.846473826162545,0,Medium,10,92,40,41,Medium,0
24124,26,Male,USA,Strategy,15.950068014676274,0,Easy,6,54,27,49,Medium,2
24236,15,Female,USA,Action,17.872973958881264,0,Medium,15,87,87,16,Medium,2
11915,32,Female,Other,Action,2.9206800824473422,1,Easy,7,44,94,10,Medium,1
10786,19,Female,USA,Strategy,21.77413374137808,0,Easy,10,39,68,42,Medium,2
34554,20,Male,Other,Sports,16.764529681210867,0,Hard,8,65,37,9,Medium,0
15401,16,Female,Europe,Sports,8.81970386457298,0,Easy,3,133,70,44,Medium,2
12168,37,Female,USA,RPG,5.047025103814286,1,Hard,19,70,39,37,Medium,1
10930,35,Female,USA,Action,7.546056470328134,0,Hard,15,51,60,13,Medium,0
27650,41,Male,USA,RPG,6.403856163655345,0,Medium,7,170,19,7,Medium,0
11982,29,Male,Europe,RPG,16.215105588040178,1,Easy,12,150,77,22,High,1
12104,44,Male,Asia,Sports,20.59268821100661,0,Hard,14,55,6,38,Medium,0
48316,21,Male,Europe,Simulation,20.80365511595503,1,Medium,19,20,55,31,High,1
15551,34,Female,Other,Sports,10.106725466504868,0,Medium,15,18,13,19,Low,0
36799,19,Female,USA,Simulation,12.439414119112453,0,Easy,2,168,90,27,Medium,2
11744,16,Female,Europe,RPG,5.538976153490802,0,Easy,9,115,83,44,Medium,2
11116,31,Female,Asia,Simulation,21.208002253971017,0,Hard,7,131,91,34,Medium,0
42754,22,Male,Europe,Sports,8.359365154915569,1,Medium,19,128,90,32,Low,1
12836,43,Male,Europe,Sports,19.22002071606065,0,Hard,7,99,5,12,Medium,0
13347,23,Female,Europe,RPG,15.716798284732004,0,Easy,11,57,96,45,Medium,2
43519,41,Male,Europe,Strategy,6.8680673933629945,0,Medium,2,68,90,27,Low,0
22455,36,Female,USA,Strategy,5.324181603827864,1,Easy,8,162,41,3,Medium,1
18267,43,Male,Asia,Action,20.01342597332526,0,Easy,12,149,17,9,High,0
17223,35,Male,Asia,RPG,18.29372617508925,0,Hard,8,103,42,7,Medium,0
26244,48,Male,USA,RPG,11.549008137730349,0,Easy,7,24,69,18,Low,0
26287,19,Male,Europe,Sports,21.44565395637585,0,Medium,4,154,27,27,Medium,0
21558,23,Male,Asia,RPG,17.094348289800447,0,Hard,0,157,80,10,Low,0
31970,18,Female,USA,Action,17.443704797205545,0,Medium,10,124,31,23,Low,0
41998,18,Male,USA,Action,17.415557049044754,0,Easy,5,69,59,30,Medium,2
44069,22,Male,Asia,Action,9.995760638527148,0,Medium,5,42,11,47,Low,0
19153,31,Female,Asia,Action,12.59081449694989,0,Easy,16,81,78,24,Medium,0
14987,22,Female,Asia,RPG,3.8501077871476816,0,Easy,1,63,84,16,Low,2
22642,34,Male,Other,Action,7.494512794607713,1,Medium,5,41,6,17,Low,1
39626,17,Female,USA,Sports,9.19874930964858,0,Hard,4,172,80,39,Medium,0
10464,18,Male,Europe,Sports,4.5400719957264055,0,Hard,6,14,49,0,High,0
41357,34,Male,USA,Strategy,1.5702554591485898,0,Hard,19,153,59,26,High,0
20335,28,Female,Other,Sports,4.929396179338378,0,Medium,18,88,12,36,High,0
13559,33,Male,Europe,Action,21.68712741734727,0,Easy,1,162,20,47,Low,0
40786,40,Male,USA,Action,12.444495364164492,0,Easy,17,162,66,3,High,0
47105,26,Male,Other,Simulation,10.073155199420237,1,Easy,0,113,7,21,Low,1
28246,32,Male,Europe,Sports,14.526721474942931,0,Easy,17,22,20,31,Low,0
45986,30,Male,USA,Simulation,1.439291145958065,0,Medium,16,17,36,17,Low,0
25948,47,Male,USA,Simulation,1.7164936751086035,0,Easy,11,13,33,22,Low,0
24268,27,Female,Europe,RPG,17.758065709313456,0,Medium,7,61,50,38,Medium,0
36392,33,Male,USA,Strategy,10.274357862348518,0,Easy,5,10,91,25,Low,0
41105,43,Female,Asia,Strategy,14.356942480476675,0,Hard,3,91,74,11,Low,0
10640,29,Male,Other,Strategy,19.59988057891601,0,Medium,11,158,69,16,High,0
18162,35,Female,Europe,Simulation,23.56222961109376,0,Easy,9,125,66,14,Medium,0
18929,37,Female,Asia,Strategy,7.6474467617604756,0,Medium,15,25,80,35,Medium,0
9624,25,Male,Asia,Strategy,13.230643833696764,1,Medium,3,135,78,42,High,1
23890,48,Male,USA,Action,22.52552202099788,0,Easy,2,146,55,37,Medium,0
30681,35,Female,Europe,RPG,22.67661199410384,1,Easy,19,85,42,42,High,1
25068,33,Male,USA,RPG,4.219301859082109,0,Medium,11,99,23,10,Medium,0
32909,16,Male,USA,Sports,8.689126651516354,0,Easy,6,64,48,16,Medium,2
10808,23,Male,USA,Strategy,10.192341767859194,0,Medium,19,119,41,7,High,0
44199,19,Male,Europe,Action,17.064173966358336,0,Easy,14,26,99,18,Medium,2
10682,21,Male,Europe,Strategy,18.446457397169542,0,Easy,19,96,58,31,High,2
17602,27,Male,Europe,Strategy,0.8479326478438995,0,Easy,8,126,82,13,High,0
48625,47,Male,USA,RPG,16.10223935712472,0,Medium,17,16,42,33,Medium,0
21972,49,Male,Europe,Simulation,0.6115432814125699,1,Easy,9,28,69,30,Medium,1
42437,47,Male,Other,Action,8.099423237956572,0,Easy,8,31,12,10,Low,0
43749,19,Male,Europe,Strategy,6.97486534198693,0,Hard,7,49,84,43,Medium,2
24241,31,Male,Asia,Strategy,23.881369145414126,0,Easy,5,120,32,11,Medium,0
46075,40,Male,Asia,Action,12.816171116447943,0,Medium,18,12,58,8,Low,0
29327,36,Male,Europe,Sports,16.865553475747625,1,Easy,16,31,60,48,Medium,1
15062,16,Female,Asia,Simulation,1.7217643689967463,0,Easy,17,113,43,46,High,0
43013,32,Male,Other,RPG,22.837155718902284,0,Easy,9,66,74,25,Medium,0
48223,29,Female,Asia,Action,14.064648962789036,0,Easy,18,32,22,13,High,0
43544,18,Female,Asia,Sports,17.459537659554893,0,Easy,18,90,89,27,High,2
10962,37,Female,USA,Simulation,9.548864934655688,1,Easy,11,96,65,9,Low,1
16524,28,Female,Europe,Strategy,20.996474689234947,0,Medium,13,143,29,19,High,0
17090,42,Male,USA,Sports,10.99766585374094,1,Medium,1,16,29,48,Low,1
33103,45,Male,Europe,Strategy,14.030449699616948,0,Medium,15,71,33,19,Medium,0
40939,26,Male,USA,Strategy,4.914743369558996,0,Easy,5,101,55,45,Medium,2
40931,38,Female,USA,Simulation,22.01697413166454,1,Easy,17,169,10,3,High,1
43245,20,Male,Other,RPG,23.808529458112176,0,Easy,7,132,32,22,High,2
14936,24,Female,USA,Action,1.018647166338087,0,Easy,16,133,19,20,High,0
31866,46,Male,Asia,Simulation,1.3372064271536752,0,Easy,16,131,23,19,High,0
39289,40,Male,USA,Strategy,8.164564387818544,0,Hard,19,13,86,34,Medium,0
11741,35,Male,Asia,Action,17.382311422241976,1,Easy,16,61,35,49,Medium,1
23926,35,Male,Asia,Strategy,9.029619835731893,0,Medium,14,126,95,8,Low,0
26028,21,Female,Europe,Action,12.027510667131224,1,Medium,11,136,28,0,High,1
13650,23,Female,Europe,Action,5.445801367895315,0,Hard,18,69,83,13,Medium,0
34071,31,Female,Other,Sports,12.22688643665962,0,Easy,18,119,84,3,High,0
40927,47,Male,Asia,Strategy,17.815404584184833,0,Easy,16,148,3,16,High,0
18444,32,Male,Europe,Strategy,4.910975915791092,0,Easy,0,59,43,49,Low,2
21522,39,Male,USA,Action,10.077584465866073,1,Hard,9,97,96,42,Medium,1
20181,17,Male,Asia,RPG,1.493403030538321,0,Easy,8,142,12,14,Low,0
20149,45,Male,Europe,Strategy,15.47520158928054,0,Easy,13,133,58,43,High,0
34334,21,Female,Other,Simulation,8.723163437981302,0,Medium,16,92,64,5,High,0
32578,40,Male,Europe,Sports,5.476786113107909,0,Hard,14,62,96,49,Medium,0
41941,33,Male,Europe,Sports,12.896928624039298,1,Easy,3,126,83,22,High,1
24022,20,Male,USA,Sports,14.983348546354057,0,Hard,8,129,50,38,Medium,0
19405,45,Female,Asia,Sports,15.880583553943683,1,Hard,14,118,33,26,Low,1
33512,32,Male,USA,Sports,1.6176372948103364,1,Easy,4,98,5,26,Medium,1
40096,35,Male,USA,Strategy,9.23104734679426,0,Easy,12,32,59,32,Medium,2
43138,16,Female,Asia,Action,1.1430725263375523,0,Easy,0,86,36,34,Low,2
33280,44,Male,USA,Strategy,1.6623420932241384,1,Medium,0,151,41,9,Low,1
33137,27,Female,Asia,Simulation,0.6932154451108392,0,Medium,0,152,87,6,Low,0
30464,17,Male,USA,RPG,12.415833468528245,0,Easy,12,23,46,30,Medium,2
32176,23,Male,Asia,Simulation,0.8853969354824054,0,Hard,2,44,97,46,Medium,2
30127,21,Male,Europe,Sports,15.33677896816826,0,Medium,3,155,25,10,Medium,0
23828,39,Male,Europe,Action,23.700001475324783,0,Easy,19,122,3,30,High,0
12438,32,Female,USA,Strategy,14.500423735054929,0,Hard,9,58,16,38,Medium,0
22174,23,Male,USA,Simulation,17.061613606395913,0,Medium,8,131,36,0,Medium,0
36910,43,Female,USA,Action,15.489465545702265,0,Easy,10,34,86,21,Medium,0
19351,41,Male,Asia,Sports,2.939193645205924,0,Easy,5,105,53,37,Medium,0
31842,45,Female,Europe,Strategy,21.88250039315397,0,Easy,5,120,11,7,Medium,0
30368,29,Male,USA,Strategy,19.454982061651044,0,Medium,10,48,10,9,Medium,0
34621,47,Female,USA,Action,2.430715801964836,0,Medium,19,31,54,9,Medium,0
40767,42,Male,Europe,RPG,6.790113723157631,0,Medium,9,92,89,28,Medium,0
16948,20,Male,USA,Strategy,23.452326267307534,0,Hard,7,155,79,23,Medium,0
37280,22,Male,USA,Action,10.803456950401392,0,Medium,14,157,38,45,High,0
14853,35,Male,USA,Sports,11.239322767791595,0,Hard,9,131,59,1,Medium,0
14881,39,Male,USA,Simulation,5.822233414435858,1,Easy,16,163,85,11,High,1
47062,33,Female,USA,Simulation,0.7076673319564017,0,Easy,16,156,31,20,High,0
45307,16,Male,USA,Action,9.384528007215224,1,Easy,13,18,18,1,Low,1
17492,33,Female,Asia,RPG,7.526203162056207,0,Medium,19,166,40,17,High,0
25570,19,Male,Asia,Simulation,22.800809916170227,0,Medium,4,22,66,4,Low,2
27859,29,Female,USA,Simulation,1.2778159421795383,0,Medium,4,179,49,24,Medium,0
31364,30,Male,Asia,Action,0.4649056224740144,1,Easy,10,19,57,11,Low,1
45885,15,Male,Europe,Action,18.997898070471315,0,Easy,9,141,43,30,Medium,2
39537,22,Male,Europe,Simulation,8.422803422782085,1,Easy,4,151,5,2,Medium,1
25966,30,Male,Other,Strategy,12.50156360366459,1,Easy,1,30,69,10,Low,1
38660,39,Female,USA,Strategy,16.660410970441937,1,Hard,4,145,83,16,High,1
33932,25,Male,Other,RPG,1.4963933915688807,0,Hard,4,36,30,47,Low,0
42842,40,Female,Asia,Strategy,16.571327349256606,1,Medium,0,84,12,46,Low,1
44308,49,Male,USA,Strategy,2.611861209044024,0,Medium,17,161,57,26,High,0
44218,35,Female,Asia,Sports,2.8269143412092133,0,Hard,16,41,84,33,Medium,0
40212,43,Male,Asia,Simulation,6.9950764785808905,0,Medium,12,161,70,28,High,0
16301,44,Male,Europe,RPG,6.915796628622848,0,Easy,13,120,33,6,High,0
13032,22,Male,Europe,Simulation,2.906113686819774,0,Medium,12,119,88,2,High,0
35283,16,Male,USA,Strategy,4.642193691746152,0,Easy,17,158,71,5,High,0
13325,29,Male,Asia,Action,19.61459916786264,0,Easy,6,22,99,31,Low,0
33997,19,Male,Europe,Action,5.2725584624505855,0,Easy,12,99,23,43,Medium,0
9040,49,Female,Europe,Strategy,13.714087008439236,1,Medium,15,43,93,29,Medium,1
47676,36,Male,USA,RPG,7.216054281067826,1,Medium,12,176,33,13,High,1
21292,40,Female,USA,Action,20.12450132863396,1,Hard,8,36,1,14,Low,1
13815,26,Female,Europe,Sports,13.209899796789143,0,Easy,7,99,88,32,Medium,2
41139,29,Female,USA,Strategy,19.175801173963283,0,Medium,12,43,80,16,Medium,0
42063,20,Female,USA,Sports,20.640080264363363,0,Easy,12,122,3,42,High,2
9655,41,Female,USA,Sports,22.209379179039303,0,Easy,15,114,9,8,High,0
15002,20,Female,Europe,Action,17.408639168866333,0,Hard,15,59,75,39,Medium,0
9323,33,Female,Europe,Action,2.05998476913324,0,Medium,9,56,38,7,Medium,0
41425,29,Male,Europe,Sports,13.98732957789302,1,Medium,9,74,68,33,Medium,1
15793,42,Male,USA,RPG,6.918436631673497,1,Easy,11,23,1,30,Low,1
33597,20,Female,USA,Sports,4.305801233435619,1,Hard,0,118,1,10,Low,1
30268,27,Male,USA,RPG,20.70132439436886,0,Easy,5,80,43,21,Medium,2
15379,26,Male,USA,Strategy,19.95087425888197,0,Medium,11,94,84,45,Medium,0
44194,23,Female,USA,Simulation,19.97470353763768,1,Medium,12,18,94,35,Medium,1
22413,25,Female,Asia,Strategy,10.229601881698551,0,Medium,18,40,5,48,Medium,0
29959,25,Female,Europe,Sports,0.0602126831764318,0,Hard,14,63,53,29,Medium,0
24885,17,Male,Asia,Action,20.257174286462565,0,Easy,13,106,76,39,High,2
43110,17,Male,Europe,Simulation,16.63138374815379,0,Easy,2,59,26,13,Low,2
11830,26,Male,USA,RPG,12.060253033371836,0,Hard,9,51,41,48,Medium,0
24484,28,Male,Europe,Sports,0.9134971292171404,0,Hard,1,114,22,12,Low,0
27112,28,Female,USA,Strategy,10.180003103292368,0,Easy,3,74,89,47,Medium,2
41931,25,Female,USA,Strategy,5.334063610572531,0,Medium,15,65,3,17,Medium,0
11296,22,Male,Asia,Strategy,23.31637557671853,0,Easy,17,72,1,12,Medium,0
38180,21,Female,USA,Sports,1.7119189086385616,1,Easy,18,122,6,31,High,1
33332,49,Male,Other,Simulation,1.619115717952976,0,Medium,7,114,89,15,Medium,0
41627,21,Male,Europe,Action,12.398225907158878,0,Medium,19,47,27,49,Medium,0
45925,39,Female,USA,Simulation,4.603956106264071,0,Easy,10,97,74,10,Medium,0
31575,20,Female,Europe,RPG,4.991380259511964,0,Hard,16,169,96,23,High,0
17141,41,Female,Asia,Strategy,2.06263415792215,0,Medium,13,162,89,25,High,0
42145,48,Male,USA,Sports,22.460112191604043,0,Hard,8,144,14,13,Medium,0
20259,28,Male,Asia,RPG,1.343886925870784,0,Easy,19,71,33,26,Medium,0
21107,36,Male,Europe,Action,20.95877170963078,0,Easy,4,79,71,45,Medium,2
25711,28,Male,USA,Strategy,7.383737816764858,0,Hard,6,15,61,0,Low,0
14343,18,Female,Asia,Action,5.974598300907724,0,Easy,19,107,34,32,High,0
47909,22,Male,Other,Sports,11.51569424864988,0,Hard,5,159,87,44,Medium,0
41453,41,Male,Europe,RPG,19.59380241411251,1,Medium,11,41,12,24,Medium,1
24177,35,Male,USA,RPG,22.73385167762172,0,Easy,1,40,36,10,Low,0
31206,39,Male,Europe,Simulation,10.396626422941402,0,Easy,13,81,99,24,Medium,0
37792,44,Male,Europe,Sports,6.768012139028908,0,Easy,10,18,55,21,Low,0
35678,37,Male,Other,Action,0.4400604549797924,0,Easy,12,76,34,17,Medium,0
38955,33,Female,Europe,Sports,0.304489858122877,0,Easy,8,80,77,30,Medium,2
30084,46,Female,Europe,Simulation,8.773508231751478,0,Medium,13,172,49,30,High,0
27750,35,Male,Asia,Sports,17.89476676834573,0,Easy,15,144,55,32,High,0
18556,22,Female,Asia,Strategy,15.76889516573235,0,Medium,18,116,74,11,High,0
20204,39,Male,USA,RPG,12.337442848484493,0,Easy,5,100,5,25,Medium,0
30783,27,Female,USA,RPG,1.0717596199429105,0,Easy,8,159,31,24,Medium,0
19491,27,Male,USA,Sports,7.370091072390734,1,Easy,4,160,10,45,Medium,1
44577,40,Male,Europe,Action,5.384825477437444,0,Easy,5,28,6,30,Low,0
18419,45,Female,USA,Strategy,12.574412270854932,0,Easy,12,127,28,17,High,0
10784,37,Female,Europe,Sports,21.79741614410041,0,Easy,10,31,96,30,Medium,0
14923,43,Male,USA,Strategy,5.317713283387218,0,Hard,16,47,23,27,Medium,0
12016,25,Female,Other,Simulation,8.847465932465463,0,Easy,8,51,12,35,Medium,2
43934,29,Male,USA,RPG,14.324228972699425,0,Easy,2,51,9,8,Low,0
30696,43,Male,USA,Sports,12.54138968144149,0,Medium,2,147,10,3,Low,0
10993,46,Male,Europe,Sports,0.966682958010793,0,Easy,14,140,22,27,High,0
16592,34,Male,Asia,Action,5.014852405462406,1,Hard,13,28,62,8,Medium,1
42363,38,Female,Asia,Sports,16.845582757609215,1,Medium,18,84,12,24,High,1
25366,18,Male,USA,Action,17.984436813649715,0,Easy,4,42,64,47,Medium,2
32556,48,Male,Europe,Strategy,22.26163363568421,0,Easy,13,157,59,42,Medium,0
28263,27,Male,Europe,Strategy,3.5579816899338432,0,Medium,2,162,38,18,Medium,0
43561,46,Male,Europe,Simulation,3.873990385479809,1,Easy,16,97,77,39,High,1
15424,35,Male,USA,Sports,9.465856896798524,0,Easy,10,161,83,10,High,0
38920,48,Female,Europe,Simulation,9.975660760253216,0,Medium,1,46,32,26,Medium,0
22208,46,Female,Asia,Sports,7.019956154338032,0,Easy,17,65,94,32,Medium,0
27149,16,Male,USA,RPG,5.436551997095175,0,Hard,10,162,99,22,High,0
40676,26,Male,Other,Action,12.28925612883756,0,Easy,6,29,76,7,Low,2
32995,43,Male,Asia,RPG,9.487901272256844,1,Easy,5,112,83,28,Medium,1
47776,40,Male,Europe,Action,21.328159427776843,0,Easy,11,42,18,17,Medium,0
16154,35,Female,Asia,RPG,19.08311632754398,0,Hard,7,82,19,49,Medium,0
23565,22,Male,USA,Strategy,9.592538008927686,1,Hard,12,175,28,15,High,1
31454,31,Male,Europe,Strategy,2.6506687523518035,0,Easy,14,102,66,40,High,0
16525,26,Female,USA,Action,14.258320753657763,1,Hard,4,99,10,26,Medium,1
46266,18,Female,Other,Sports,21.88516692380417,1,Medium,14,44,31,38,Medium,1
39298,46,Male,Other,Action,22.90722339969173,0,Medium,16,82,65,15,Medium,0
36036,46,Female,Europe,Sports,4.564247576742601,0,Medium,9,168,94,9,High,0
34516,25,Female,USA,RPG,12.491383345226346,0,Easy,14,12,28,1,Low,0
48213,49,Male,Europe,Sports,5.852282518162587,0,Easy,16,40,82,29,Medium,0
45640,48,Female,USA,Action,19.78464816972572,0,Easy,14,24,43,34,Medium,0
13448,38,Male,Asia,RPG,6.759390719119408,0,Medium,8,139,21,26,Medium,0
48055,20,Male,USA,Strategy,16.927681000211656,0,Easy,9,109,32,40,Medium,2
10736,18,Female,Europe,Action,9.744617851721593,1,Easy,19,138,49,13,High,1
33701,37,Male,USA,RPG,2.6847583077409363,0,Easy,18,38,11,7,Medium,0
26280,34,Male,Europe,Action,13.957330746411998,0,Medium,14,97,31,25,Medium,0
14233,46,Female,USA,Sports,4.584895018696206,0,Easy,5,26,78,10,Low,0
14882,42,Male,USA,Simulation,20.918797361701778,0,Medium,6,29,14,21,Low,0
24435,42,Male,USA,Sports,1.6096251219734734,0,Hard,7,51,80,6,Medium,0
48173,37,Male,Other,Strategy,6.896101595473469,1,Easy,14,74,8,41,Medium,1
16122,44,Male,Asia,Action,9.405247491583598,0,Hard,0,95,76,17,Low,0
27918,44,Male,Europe,Simulation,17.20980813452456,1,Easy,12,61,66,16,Medium,1
28545,25,Male,USA,Simulation,11.178809429487432,0,Medium,17,175,14,28,High,0
12108,40,Female,Europe,Sports,4.755602969743058,0,Medium,6,21,86,6,Low,0
12388,31,Male,Europe,Simulation,23.59366363455005,0,Medium,2,169,97,49,Medium,0
20028,21,Female,USA,Strategy,21.866082396920884,0,Easy,9,64,54,33,Medium,2
21141,21,Male,USA,Sports,22.64729185589656,0,Easy,4,151,33,3,Medium,0
44582,16,Female,USA,Strategy,22.66407646680609,0,Easy,10,149,87,0,High,0
9967,24,Female,Europe,Sports,1.1719749413313574,0,Hard,11,121,4,7,High,0
35803,27,Male,Europe,Simulation,7.026288155666292,1,Medium,11,17,86,5,Low,1
33987,18,Female,USA,Sports,6.101631972604161,0,Easy,8,23,62,14,Low,2
32743,22,Female,Other,RPG,12.162290154691512,0,Easy,13,80,89,18,Medium,2
43237,29,Female,Europe,Strategy,10.303167858579542,0,Medium,13,91,6,21,Medium,0
27769,22,Female,USA,Action,8.709187531195912,0,Easy,17,95,91,44,High,2
39008,20,Male,Europe,RPG,12.89943754078226,0,Easy,1,179,33,5,Low,0
23049,31,Female,USA,Sports,2.711181747562297,0,Hard,16,115,32,44,High,0
39822,28,Male,Europe,Sports,9.176517684574671,0,Medium,0,162,60,44,Low,0
33731,34,Male,Other,Sports,15.321848845949525,1,Easy,13,178,52,16,Low,1
25768,18,Male,Europe,Strategy,3.10521012185012,1,Medium,9,33,92,26,Medium,1
40036,34,Male,USA,RPG,5.507553111742775,0,Hard,14,149,71,40,High,0
37359,27,Male,USA,Action,17.982123629868813,0,Easy,17,100,87,4,High,0
48926,37,Male,Europe,RPG,6.898365746317112,0,Hard,8,19,11,34,Low,0
33870,47,Female,Europe,Action,15.988441163290442,0,Easy,10,88,50,31,Medium,0
12715,28,Male,Asia,RPG,4.3944298605217655,0,Hard,0,105,20,21,Low,0
25872,25,Male,Other,Action,19.61805181421988,1,Medium,4,71,88,4,Low,1
21144,29,Male,USA,Simulation,12.014308375225529,0,Easy,18,110,67,5,High,0
9550,39,Male,Europe,Simulation,12.11606921354355,0,Hard,3,179,53,13,Medium,0
24503,25,Male,Europe,Action,0.5050882233079035,0,Medium,9,151,26,45,Medium,0
33517,33,Female,Asia,Strategy,19.527308761876604,0,Medium,18,41,11,6,Medium,0
40137,44,Female,USA,RPG,2.583939919831052,0,Easy,8,16,53,30,Low,0
31961,15,Male,Europe,Action,9.779060610903196,0,Easy,4,137,15,4,High,0
15670,49,Male,USA,Simulation,5.167839642844852,0,Medium,15,175,19,5,High,0
18103,33,Male,Europe,Sports,23.753269271513048,0,Easy,5,154,56,9,Medium,0
39312,29,Male,USA,Action,5.866272053484038,0,Easy,5,130,79,36,Medium,2
36679,49,Female,Europe,Strategy,1.8724414239492693,0,Easy,12,65,15,40,Medium,0
20146,21,Male,Asia,Action,8.285538519544408,0,Medium,3,55,64,19,Low,2
18641,31,Male,USA,Sports,15.834237739416317,0,Easy,18,154,35,25,High,2
22968,19,Male,Other,RPG,18.697284765116045,1,Hard,7,139,89,47,Medium,1
16212,36,Male,Europe,Sports,12.445133144298817,0,Medium,1,103,16,17,Low,0
9070,38,Female,Europe,Action,20.16071100731581,0,Easy,13,79,29,32,Medium,0
18880,44,Female,Europe,Strategy,1.0382062729366703,0,Easy,15,142,15,37,High,0
43135,27,Male,USA,Action,20.72548171107957,1,Hard,6,170,56,49,Medium,1
36707,41,Male,Asia,Simulation,4.665423188211164,1,Easy,6,18,54,45,Low,1
46815,37,Female,USA,Sports,6.934700981520265,1,Easy,1,119,22,8,Low,1
9953,22,Female,USA,RPG,22.27951641945532,1,Hard,4,58,83,24,Medium,1
45417,16,Female,Other,Sports,8.78461508181883,0,Medium,9,151,52,29,High,0
29391,38,Female,Europe,RPG,13.759801685405582,0,Easy,18,76,45,18,Medium,0
9853,27,Female,USA,Action,19.33089412262859,0,Easy,16,176,29,0,High,0
35851,21,Female,Other,Strategy,17.813670190879908,1,Easy,3,70,23,35,Low,1
43404,28,Female,Europe,Sports,15.610974751169495,0,Hard,10,92,98,1,Medium,0
18986,19,Female,Europe,Strategy,8.332967609121415,0,Easy,12,40,9,32,Medium,2
17501,39,Male,USA,RPG,11.79978612766132,0,Medium,19,51,78,6,Medium,0
33438,38,Female,Europe,RPG,18.522859864543328,1,Easy,6,168,69,18,Medium,1
14595,40,Male,Europe,Sports,4.163497409266734,0,Easy,3,151,61,1,Medium,0
33999,47,Female,Europe,RPG,23.61982002006274,0,Easy,6,73,69,22,Medium,0
9962,35,Male,Asia,Sports,14.26706496378324,0,Hard,15,159,74,23,High,0
46229,26,Male,Asia,Action,19.798169579490583,0,Easy,14,174,26,18,High,0
45757,24,Female,USA,Action,13.594878178244327,0,Medium,9,82,52,23,Medium,0
10033,42,Male,Europe,Strategy,2.28585707577695,0,Easy,2,66,4,14,Low,0
36437,27,Female,Other,Action,9.416008264866049,0,Medium,13,95,67,25,Medium,0
43638,27,Female,Asia,RPG,19.22328189827897,1,Hard,3,112,5,29,Medium,1
31039,44,Female,USA,Strategy,11.472997411794754,0,Easy,16,118,32,48,High,0
33651,19,Male,USA,Sports,1.81024124419646,0,Easy,19,44,27,26,Medium,0
37762,19,Male,USA,RPG,15.036662475751932,1,Medium,6,76,94,35,Medium,1
18506,45,Male,Asia,Action,9.439560534766034,1,Hard,0,46,78,7,Low,1
39840,29,Female,Europe,Action,19.03180721141836,0,Medium,9,147,38,22,Medium,0
29745,20,Female,Europe,Action,9.993127412258678,0,Medium,7,81,23,7,Medium,0
11767,16,Male,USA,RPG,16.04341901490432,0,Easy,11,68,18,17,Medium,0
29162,34,Male,USA,Simulation,22.60766204434352,0,Easy,17,41,57,18,Medium,2
32942,44,Male,USA,Action,17.84778320257412,0,Hard,4,15,67,35,Low,0
13689,45,Male,Europe,Action,7.046737854319989,0,Easy,12,17,84,42,Medium,0
40612,39,Female,USA,Sports,7.507211615431906,0,Easy,4,89,2,39,Medium,0
21146,29,Male,USA,Sports,23.34694698054336,0,Medium,18,122,35,48,High,0
25842,37,Male,Asia,Strategy,8.359645975189371,1,Hard,8,161,46,13,Medium,1
26237,39,Male,Europe,Action,8.952073016131681,1,Easy,9,44,29,3,Medium,1
9128,39,Female,Europe,RPG,14.173755660725837,0,Easy,15,108,49,32,High,0
33115,39,Male,Europe,RPG,11.986642506554515,0,Hard,0,144,36,29,Low,0
41730,24,Male,USA,Strategy,10.620335737248126,0,Easy,13,153,73,20,High,0
47347,31,Male,USA,Sports,5.506950882620572,0,Easy,14,149,99,17,High,0
